{
"type": "FeatureCollection",
"name": "manchukuo",
"features": [
{ "type": "Feature", "properties": { }, "geometry": { "type": "Polygon", "coordinates": [ [ [ 119.78069, 39.95208 ], [ 119.77719, 39.99684 ], [ 120.31514, 40.18736 ], [ 120.44209, 40.19542 ], [ 120.50125, 40.25403 ], [ 120.47625, 40.26958 ], [ 120.47791, 40.27042 ], [ 120.48292, 40.26736 ], [ 120.48903, 40.2682 ], [ 120.49653, 40.28153 ], [ 120.48959, 40.30708 ], [ 120.49792, 40.32486 ], [ 120.59097, 40.36347 ], [ 120.59042, 40.38347 ], [ 120.56986, 40.3932 ], [ 120.60042, 40.42958 ], [ 120.58403, 40.45403 ], [ 120.60902, 40.47458 ], [ 120.60347, 40.47958 ], [ 120.66125, 40.48069 ], [ 120.67236, 40.50986 ], [ 120.66014, 40.52986 ], [ 120.74875, 40.56847 ], [ 120.76681, 40.58764 ], [ 120.75014, 40.60097 ], [ 120.77986, 40.58958 ], [ 120.79208, 40.59819 ], [ 120.80569, 40.6157 ], [ 120.79931, 40.62208 ], [ 120.82569, 40.64264 ], [ 120.82708, 40.67764 ], [ 120.93708, 40.69153 ], [ 120.96597, 40.71514 ], [ 120.99719, 40.70835 ], [ 120.99719, 40.71882 ], [ 121.00459, 40.72042 ], [ 121.02431, 40.71208 ], [ 121.02292, 40.72319 ], [ 120.99403, 40.73431 ], [ 120.94542, 40.72236 ], [ 120.93792, 40.73931 ], [ 120.92403, 40.73736 ], [ 120.93403, 40.77514 ], [ 120.95375, 40.7718 ], [ 120.98209, 40.78597 ], [ 120.94569, 40.80069 ], [ 120.9482, 40.80514 ], [ 120.96069, 40.80735 ], [ 120.95264, 40.82264 ], [ 120.97375, 40.82792 ], [ 120.96819, 40.84042 ], [ 120.97791, 40.85708 ], [ 120.99709, 40.8568 ], [ 121.00236, 40.83403 ], [ 121.05791, 40.82347 ], [ 121.06375, 40.8032 ], [ 121.07486, 40.80014 ], [ 121.06735, 40.79708 ], [ 121.07792, 40.7993 ], [ 121.06069, 40.82292 ], [ 121.0807, 40.83458 ], [ 121.0743, 40.86319 ], [ 121.09875, 40.87514 ], [ 121.11764, 40.87125 ], [ 121.13292, 40.8882 ], [ 121.1357, 40.88625 ], [ 121.12847, 40.88014 ], [ 121.14069, 40.88208 ], [ 121.16597, 40.91875 ], [ 121.18347, 40.9207 ], [ 121.18708, 40.94875 ], [ 121.18764, 40.92097 ], [ 121.19681, 40.93042 ], [ 121.2218, 40.92153 ], [ 121.23153, 40.90597 ], [ 121.24597, 40.91236 ], [ 121.25096, 40.94236 ], [ 121.25486, 40.93097 ], [ 121.24847, 40.92125 ], [ 121.25903, 40.91097 ], [ 121.32181, 40.91042 ], [ 121.34792, 40.9207 ], [ 121.34209, 40.90958 ], [ 121.36292, 40.89458 ], [ 121.39236, 40.90014 ], [ 121.41264, 40.88847 ], [ 121.42653, 40.90264 ], [ 121.42847, 40.89042 ], [ 121.45431, 40.8857 ], [ 121.47847, 40.89569 ], [ 121.49597, 40.88653 ], [ 121.49541, 40.86763 ], [ 121.52125, 40.86597 ], [ 121.52042, 40.85792 ], [ 121.54569, 40.87236 ], [ 121.52541, 40.85736 ], [ 121.54375, 40.84292 ], [ 121.59125, 40.84042 ], [ 121.61403, 40.85236 ], [ 121.62319, 40.84458 ], [ 121.64403, 40.86347 ], [ 121.64764, 40.85986 ], [ 121.63875, 40.84959 ], [ 121.66042, 40.84153 ], [ 121.70903, 40.85764 ], [ 121.72736, 40.84431 ], [ 121.74903, 40.85458 ], [ 121.75625, 40.87264 ], [ 121.73236, 40.8882 ], [ 121.7618, 40.87931 ], [ 121.79459, 40.90458 ], [ 121.78152, 40.93014 ], [ 121.80764, 40.96125 ], [ 121.83125, 40.92319 ], [ 121.82014, 40.8918 ], [ 121.85514, 40.82403 ], [ 121.92319, 40.8032 ], [ 121.92847, 40.81348 ], [ 121.90459, 40.82264 ], [ 121.91626, 40.83292 ], [ 121.91653, 40.81931 ], [ 121.93153, 40.81931 ], [ 121.94958, 40.79458 ], [ 121.94736, 40.78014 ], [ 121.99069, 40.76653 ], [ 122.12153, 40.68347 ], [ 122.15736, 40.68069 ], [ 122.16264, 40.64939 ], [ 122.14514, 40.62792 ], [ 122.14403, 40.60764 ], [ 122.26708, 40.52347 ], [ 122.28236, 40.49735 ], [ 122.29264, 40.49931 ], [ 122.27097, 40.52236 ], [ 122.31458, 40.52291 ], [ 122.31903, 40.50653 ], [ 122.3157, 40.52264 ], [ 122.32403, 40.52458 ], [ 122.3307, 40.47403 ], [ 122.30125, 40.47403 ], [ 122.28792, 40.48708 ], [ 122.29541, 40.46597 ], [ 122.28431, 40.46931 ], [ 122.22736, 40.41958 ], [ 122.19958, 40.41847 ], [ 122.2057, 40.37764 ], [ 122.16597, 40.34264 ], [ 122.17014, 40.33319 ], [ 122.08347, 40.29125 ], [ 122.11181, 40.27681 ], [ 122.09792, 40.23375 ], [ 122.05875, 40.19653 ], [ 121.98764, 40.18653 ], [ 121.98541, 40.17903 ], [ 122.00042, 40.18069 ], [ 122.00847, 40.16986 ], [ 122.00181, 40.12958 ], [ 121.96514, 40.11264 ], [ 121.96902, 40.10209 ], [ 121.95208, 40.10847 ], [ 121.92653, 40.09514 ], [ 121.92764, 40.07236 ], [ 121.88347, 40.03819 ], [ 121.82569, 40.02709 ], [ 121.85653, 40.00875 ], [ 121.88986, 40.01764 ], [ 121.8943, 39.99986 ], [ 121.79347, 39.95625 ], [ 121.78347, 39.94403 ], [ 121.80597, 39.94125 ], [ 121.7757, 39.92736 ], [ 121.76986, 39.9132 ], [ 121.73014, 39.9132 ], [ 121.69597, 39.92904 ], [ 121.66125, 39.90181 ], [ 121.62986, 39.89986 ], [ 121.62903, 39.87986 ], [ 121.60736, 39.8657 ], [ 121.55708, 39.85736 ], [ 121.53597, 39.86681 ], [ 121.52986, 39.84625 ], [ 121.49486, 39.81292 ], [ 121.47264, 39.80848 ], [ 121.47181, 39.79543 ], [ 121.49264, 39.77515 ], [ 121.4818, 39.75653 ], [ 121.45458, 39.74236 ], [ 121.50042, 39.70959 ], [ 121.49847, 39.68542 ], [ 121.5218, 39.70209 ], [ 121.54652, 39.67542 ], [ 121.53875, 39.6582 ], [ 121.5257, 39.65681 ], [ 121.5293, 39.64236 ], [ 121.54902, 39.63292 ], [ 121.54597, 39.61431 ], [ 121.52847, 39.62403 ], [ 121.54486, 39.59736 ], [ 121.53152, 39.59597 ], [ 121.52125, 39.63153 ], [ 121.50875, 39.6307 ], [ 121.50264, 39.65154 ], [ 121.49014, 39.63597 ], [ 121.47791, 39.65319 ], [ 121.45181, 39.65319 ], [ 121.44153, 39.64626 ], [ 121.45959, 39.63264 ], [ 121.44681, 39.61819 ], [ 121.3857, 39.60014 ], [ 121.31958, 39.59348 ], [ 121.29932, 39.60265 ], [ 121.2907, 39.57655 ], [ 121.23903, 39.54181 ], [ 121.22403, 39.54597 ], [ 121.2232, 39.51542 ], [ 121.28291, 39.51542 ], [ 121.3007, 39.49043 ], [ 121.34264, 39.52737 ], [ 121.37431, 39.53264 ], [ 121.39902, 39.51265 ], [ 121.42542, 39.50931 ], [ 121.45208, 39.52264 ], [ 121.44069, 39.51154 ], [ 121.44847, 39.48486 ], [ 121.4807, 39.47514 ], [ 121.47958, 39.45654 ], [ 121.46236, 39.45292 ], [ 121.47014, 39.43764 ], [ 121.48319, 39.43875 ], [ 121.49208, 39.45431 ], [ 121.49069, 39.41792 ], [ 121.51708, 39.40764 ], [ 121.53375, 39.3832 ], [ 121.49958, 39.37626 ], [ 121.51736, 39.36348 ], [ 121.5357, 39.36264 ], [ 121.5357, 39.37931 ], [ 121.5507, 39.38153 ], [ 121.53709, 39.3982 ], [ 121.57208, 39.39875 ], [ 121.55264, 39.41514 ], [ 121.55236, 39.4282 ], [ 121.57514, 39.41486 ], [ 121.59292, 39.43264 ], [ 121.6368, 39.43737 ], [ 121.69041, 39.41709 ], [ 121.70764, 39.43764 ], [ 121.6918, 39.46597 ], [ 121.6982, 39.46903 ], [ 121.72403, 39.46375 ], [ 121.71792, 39.44096 ], [ 121.72903, 39.45458 ], [ 121.73458, 39.4282 ], [ 121.72346, 39.40736 ], [ 121.75264, 39.38125 ], [ 121.80209, 39.3907 ], [ 121.82014, 39.3768 ], [ 121.86736, 39.40514 ], [ 121.92347, 39.40292 ], [ 121.87959, 39.43153 ], [ 121.90847, 39.44098 ], [ 121.92042, 39.43292 ], [ 121.92207, 39.44236 ], [ 121.95814, 39.47666 ], [ 121.96692, 39.50883 ], [ 122.02615, 39.5139 ], [ 122.03932, 39.53929 ], [ 122.05906, 39.5562 ], [ 122.07442, 39.54774 ], [ 122.10074, 39.52067 ], [ 122.14023, 39.50713 ], [ 122.21921, 39.50713 ], [ 122.32013, 39.5156 ], [ 122.39472, 39.52575 ], [ 122.46053, 39.52913 ], [ 122.53293, 39.5156 ], [ 122.56375, 39.48042 ], [ 122.57208, 39.46486 ], [ 122.60514, 39.49125 ], [ 122.62153, 39.48125 ], [ 122.62319, 39.48736 ], [ 122.61764, 39.49597 ], [ 122.63265, 39.49347 ], [ 122.63653, 39.50236 ], [ 122.62959, 39.5168 ], [ 122.65652, 39.53347 ], [ 122.65569, 39.55903 ], [ 122.66402, 39.52625 ], [ 122.68125, 39.51486 ], [ 122.7018, 39.55181 ], [ 122.72652, 39.54681 ], [ 122.73959, 39.56264 ], [ 122.75125, 39.5568 ], [ 122.77792, 39.5718 ], [ 122.77736, 39.58375 ], [ 122.75625, 39.58597 ], [ 122.75153, 39.60708 ], [ 122.78264, 39.60708 ], [ 122.80542, 39.58541 ], [ 122.83486, 39.59792 ], [ 122.84514, 39.62236 ], [ 122.86097, 39.60708 ], [ 122.93403, 39.62125 ], [ 122.92653, 39.62764 ], [ 122.94041, 39.63486 ], [ 122.95986, 39.63319 ], [ 122.95514, 39.62597 ], [ 122.96569, 39.62182 ], [ 122.96346, 39.62931 ], [ 122.99717, 39.65105 ], [ 122.99717, 39.66949 ], [ 123.00403, 39.66264 ], [ 123.00597, 39.6818 ], [ 123.03347, 39.6657 ], [ 123.02764, 39.67486 ], [ 123.03986, 39.68208 ], [ 123.07848, 39.67042 ], [ 123.08875, 39.68764 ], [ 123.0993, 39.68653 ], [ 123.13431, 39.66708 ], [ 123.1357, 39.65347 ], [ 123.16431, 39.67486 ], [ 123.20458, 39.67347 ], [ 123.21931, 39.68292 ], [ 123.20597, 39.68736 ], [ 123.21792, 39.7007 ], [ 123.27514, 39.6932 ], [ 123.27792, 39.7043 ], [ 123.26375, 39.70792 ], [ 123.26653, 39.72014 ], [ 123.24319, 39.73847 ], [ 123.19375, 39.72098 ], [ 123.20236, 39.7368 ], [ 123.23399, 39.7407 ], [ 123.22791, 39.75264 ], [ 123.26598, 39.75486 ], [ 123.26625, 39.78244 ], [ 123.2607, 39.79514 ], [ 123.27708, 39.81458 ], [ 123.30319, 39.79626 ], [ 123.40569, 39.81403 ], [ 123.40986, 39.77764 ], [ 123.4343, 39.75236 ], [ 123.42042, 39.74514 ], [ 123.41959, 39.75458 ], [ 123.40514, 39.75625 ], [ 123.40791, 39.73708 ], [ 123.44041, 39.73125 ], [ 123.45208, 39.74764 ], [ 123.47041, 39.74569 ], [ 123.45764, 39.75819 ], [ 123.47569, 39.77236 ], [ 123.47014, 39.78986 ], [ 123.54625, 39.79486 ], [ 123.55875, 39.77987 ], [ 123.54625, 39.75625 ], [ 123.56264, 39.76681 ], [ 123.56653, 39.78375 ], [ 123.54931, 39.79932 ], [ 123.55569, 39.81209 ], [ 123.59209, 39.8307 ], [ 123.60264, 39.82514 ], [ 123.61292, 39.83792 ], [ 123.60625, 39.84542 ], [ 123.66042, 39.85598 ], [ 123.71931, 39.82792 ], [ 123.74292, 39.84236 ], [ 123.75597, 39.83347 ], [ 123.77626, 39.83931 ], [ 123.78152, 39.82848 ], [ 123.82236, 39.85514 ], [ 123.86958, 39.85653 ], [ 123.87653, 39.82737 ], [ 123.92181, 39.83681 ], [ 123.92097, 39.82764 ], [ 123.94597, 39.82792 ], [ 123.9493, 39.81598 ], [ 123.9632, 39.8457 ], [ 123.97375, 39.83153 ], [ 123.96792, 39.80848 ], [ 123.97569, 39.82347 ], [ 123.98125, 39.80513 ], [ 123.98209, 39.81598 ], [ 123.99625, 39.81487 ], [ 123.99986, 39.79987 ], [ 124.09014, 39.82848 ], [ 124.13458, 39.82903 ], [ 124.12791, 39.84459 ], [ 124.15681, 39.81487 ], [ 124.16209, 39.85154 ], [ 124.2068, 39.86792 ], [ 124.20792, 39.89098 ], [ 124.24193, 39.88778 ], [ 124.24961, 39.90713 ], [ 124.27813, 39.93321 ], [ 124.29568, 39.96096 ], [ 124.32969, 39.97946 ], [ 124.35272, 39.99795 ], [ 124.37466, 40.02483 ], [ 124.3626, 40.05003 ], [ 124.36479, 40.07773 ], [ 124.37021, 40.09826 ], [ 124.38525, 40.11066 ], [ 124.52783, 40.21437 ], [ 124.53198, 40.21625 ], [ 124.54287, 40.21784 ], [ 124.54834, 40.22114 ], [ 124.5499, 40.22497 ], [ 124.55151, 40.2364 ], [ 124.55444, 40.24164 ], [ 124.57056, 40.25263 ], [ 124.61084, 40.27241 ], [ 124.62686, 40.28632 ], [ 124.64219, 40.2945 ], [ 124.69258, 40.30305 ], [ 124.71216, 40.31049 ], [ 124.72295, 40.32697 ], [ 124.73096, 40.34997 ], [ 124.74082, 40.37055 ], [ 124.75659, 40.37946 ], [ 124.77954, 40.38373 ], [ 124.80054, 40.39431 ], [ 124.84951, 40.43183 ], [ 124.8835, 40.46577 ], [ 124.89023, 40.47809 ], [ 124.89512, 40.48391 ], [ 124.90527, 40.47675 ], [ 124.91494, 40.46613 ], [ 124.91768, 40.46137 ], [ 124.92568, 40.45812 ], [ 124.93506, 40.45583 ], [ 124.95923, 40.45392 ], [ 124.97158, 40.45392 ], [ 124.98867, 40.45808 ], [ 125.01367, 40.45764 ], [ 125.03477, 40.4621 ], [ 125.04102, 40.47497 ], [ 125.02881, 40.49103 ], [ 125.00996, 40.50978 ], [ 125.0144, 40.52558 ], [ 125.03477, 40.53962 ], [ 125.05332, 40.54767 ], [ 125.07959, 40.55202 ], [ 125.10156, 40.55878 ], [ 125.11914, 40.56562 ], [ 125.13721, 40.57697 ], [ 125.15518, 40.58923 ], [ 125.18711, 40.5987 ], [ 125.21729, 40.60541 ], [ 125.24048, 40.61347 ], [ 125.2582, 40.62153 ], [ 125.2668, 40.6319 ], [ 125.27563, 40.64509 ], [ 125.29321, 40.65082 ], [ 125.31406, 40.65002 ], [ 125.32656, 40.64265 ], [ 125.33643, 40.64138 ], [ 125.35571, 40.64631 ], [ 125.36328, 40.64692 ], [ 125.37217, 40.64416 ], [ 125.38428, 40.63532 ], [ 125.39062, 40.63264 ], [ 125.41299, 40.63203 ], [ 125.41689, 40.63952 ], [ 125.41465, 40.65217 ], [ 125.41846, 40.66682 ], [ 125.42598, 40.67145 ], [ 125.44336, 40.66901 ], [ 125.45264, 40.67365 ], [ 125.45605, 40.67995 ], [ 125.45654, 40.69392 ], [ 125.45947, 40.70161 ], [ 125.46875, 40.71315 ], [ 125.47852, 40.71901 ], [ 125.49146, 40.72121 ], [ 125.53271, 40.72204 ], [ 125.54629, 40.72614 ], [ 125.55313, 40.73737 ], [ 125.55508, 40.75898 ], [ 125.55981, 40.77863 ], [ 125.57153, 40.7851 ], [ 125.58618, 40.7821 ], [ 125.6001, 40.77297 ], [ 125.60791, 40.76435 ], [ 125.60977, 40.76149 ], [ 125.66836, 40.7624 ], [ 125.68237, 40.76911 ], [ 125.67295, 40.78437 ], [ 125.64443, 40.81081 ], [ 125.68286, 40.84821 ], [ 125.70605, 40.86066 ], [ 125.73652, 40.86542 ], [ 125.74536, 40.86835 ], [ 125.75049, 40.87495 ], [ 125.75449, 40.8819 ], [ 125.7605, 40.88593 ], [ 125.77051, 40.88642 ], [ 125.77881, 40.88483 ], [ 125.82168, 40.86994 ], [ 125.83135, 40.87104 ], [ 125.87246, 40.89294 ], [ 125.88486, 40.89772 ], [ 125.90112, 40.8996 ], [ 125.91201, 40.89435 ], [ 125.92358, 40.8843 ], [ 125.93594, 40.87763 ], [ 125.94922, 40.88283 ], [ 125.96387, 40.89155 ], [ 125.99473, 40.89435 ], [ 125.99715, 40.89535 ], [ 125.99715, 40.91508 ], [ 125.99619, 40.91516 ], [ 125.98018, 40.91384 ], [ 125.9918, 40.92858 ], [ 126.00903, 40.93293 ], [ 126.02822, 40.93549 ], [ 126.04512, 40.94489 ], [ 126.06567, 40.96887 ], [ 126.07153, 40.98083 ], [ 126.06904, 40.98957 ], [ 126.07544, 40.99733 ], [ 126.0835, 41.00275 ], [ 126.09316, 41.00646 ], [ 126.10376, 41.00947 ], [ 126.10098, 41.02228 ], [ 126.11108, 41.03273 ], [ 126.12607, 41.0434 ], [ 126.13779, 41.05725 ], [ 126.12354, 41.07575 ], [ 126.14707, 41.09247 ], [ 126.2605, 41.14338 ], [ 126.27441, 41.15278 ], [ 126.28408, 41.16437 ], [ 126.30918, 41.20808 ], [ 126.3208, 41.21911 ], [ 126.3458, 41.23786 ], [ 126.35693, 41.24963 ], [ 126.38037, 41.29108 ], [ 126.39111, 41.30366 ], [ 126.44067, 41.34865 ], [ 126.47217, 41.36672 ], [ 126.50098, 41.36628 ], [ 126.49795, 41.36201 ], [ 126.49619, 41.35827 ], [ 126.49355, 41.35505 ], [ 126.4874, 41.35207 ], [ 126.4874, 41.3446 ], [ 126.52197, 41.35224 ], [ 126.52187, 41.3778 ], [ 126.50781, 41.40944 ], [ 126.50098, 41.43464 ], [ 126.50723, 41.44746 ], [ 126.54199, 41.4892 ], [ 126.5584, 41.53437 ], [ 126.5769, 41.56203 ], [ 126.58047, 41.57546 ], [ 126.5769, 41.5885 ], [ 126.56616, 41.60217 ], [ 126.5668, 41.61433 ], [ 126.60166, 41.64228 ], [ 126.61758, 41.66621 ], [ 126.63369, 41.66889 ], [ 126.66895, 41.66735 ], [ 126.67979, 41.67214 ], [ 126.71191, 41.69445 ], [ 126.72754, 41.70148 ], [ 126.71387, 41.71022 ], [ 126.69932, 41.71667 ], [ 126.68691, 41.72431 ], [ 126.6791, 41.73627 ], [ 126.69653, 41.74152 ], [ 126.71216, 41.74152 ], [ 126.72695, 41.73718 ], [ 126.74121, 41.72944 ], [ 126.77109, 41.70478 ], [ 126.78818, 41.69616 ], [ 126.7958, 41.70527 ], [ 126.8085, 41.73005 ], [ 126.86436, 41.7475 ], [ 126.8772, 41.7738 ], [ 126.88682, 41.78517 ], [ 126.9082, 41.79641 ], [ 126.92959, 41.80134 ], [ 126.93916, 41.79401 ], [ 126.94043, 41.77199 ], [ 126.9458, 41.76642 ], [ 126.9583, 41.76704 ], [ 126.98086, 41.76354 ], [ 127.03271, 41.73188 ], [ 127.04224, 41.73286 ], [ 127.04648, 41.71955 ], [ 127.06797, 41.69387 ], [ 127.07642, 41.68102 ], [ 127.09283, 41.66685 ], [ 127.11258, 41.64718 ], [ 127.13013, 41.6357 ], [ 127.16962, 41.61274 ], [ 127.17944, 41.58539 ], [ 127.15747, 41.57888 ], [ 127.13623, 41.56945 ], [ 127.19156, 41.53232 ], [ 127.20911, 41.52247 ], [ 127.23872, 41.51261 ], [ 127.25079, 41.47564 ], [ 127.29247, 41.47481 ], [ 127.33196, 41.46577 ], [ 127.37803, 41.46084 ], [ 127.39778, 41.44522 ], [ 127.43068, 41.44111 ], [ 127.45482, 41.4518 ], [ 127.48882, 41.45755 ], [ 127.50308, 41.47071 ], [ 127.54248, 41.49152 ], [ 127.54443, 41.46906 ], [ 127.55859, 41.45851 ], [ 127.59707, 41.45063 ], [ 127.63037, 41.43305 ], [ 127.63818, 41.43012 ], [ 127.64668, 41.43317 ], [ 127.65771, 41.4468 ], [ 127.66235, 41.44721 ], [ 127.68994, 41.43915 ], [ 127.78442, 41.43713 ], [ 127.81006, 41.44379 ], [ 127.82852, 41.43415 ], [ 127.84854, 41.43159 ], [ 127.86475, 41.43762 ], [ 127.87148, 41.45397 ], [ 127.88125, 41.46113 ], [ 127.90332, 41.4665 ], [ 127.94385, 41.47106 ], [ 127.97388, 41.45063 ], [ 127.98428, 41.45422 ], [ 127.99243, 41.46137 ], [ 128.00122, 41.47106 ], [ 128.01221, 41.46032 ], [ 128.01294, 41.44257 ], [ 128.01133, 41.42463 ], [ 128.01489, 41.41352 ], [ 128.02354, 41.41174 ], [ 128.0333, 41.41393 ], [ 128.0502, 41.42097 ], [ 128.04648, 41.39899 ], [ 128.06396, 41.38862 ], [ 128.08789, 41.38918 ], [ 128.10361, 41.39985 ], [ 128.11792, 41.39362 ], [ 128.10361, 41.37934 ], [ 128.1459, 41.37653 ], [ 128.1853, 41.40473 ], [ 128.28735, 41.54494 ], [ 128.30273, 41.58369 ], [ 128.28311, 41.60529 ], [ 128.28125, 41.62324 ], [ 128.26865, 41.64362 ], [ 128.25059, 41.66042 ], [ 128.22388, 41.6697 ], [ 128.18564, 41.69318 ], [ 128.15879, 41.71203 ], [ 128.15454, 41.73395 ], [ 128.14404, 41.755 ], [ 128.09658, 41.82282 ], [ 128.09072, 41.84199 ], [ 128.09058, 41.85915 ], [ 128.10083, 41.8758 ], [ 128.09971, 41.88886 ], [ 128.09399, 41.90173 ], [ 128.09058, 41.9175 ], [ 128.07458, 41.92608 ], [ 128.068, 41.9681 ], [ 128.06087, 41.98563 ], [ 128.10474, 42.00479 ], [ 128.13217, 42.00601 ], [ 128.17878, 42.00642 ], [ 128.21005, 42.00601 ], [ 128.24295, 42.00886 ], [ 128.29067, 42.00968 ], [ 128.32467, 42.00805 ], [ 128.36855, 42.0056 ], [ 128.40732, 42.00861 ], [ 128.45361, 42.01061 ], [ 128.4856, 41.99873 ], [ 128.49999, 41.99873 ], [ 128.51038, 41.99873 ], [ 128.54346, 42.00832 ], [ 128.55298, 42.0069 ], [ 128.56406, 42.00104 ], [ 128.57334, 42.00458 ], [ 128.5874, 42.02021 ], [ 128.59736, 42.02741 ], [ 128.60752, 42.03046 ], [ 128.68223, 42.026 ], [ 128.70898, 42.03046 ], [ 128.72061, 42.04787 ], [ 128.8168, 42.04413 ], [ 128.90332, 42.02656 ], [ 128.9397, 42.03559 ], [ 128.95459, 42.07546 ], [ 128.96362, 42.08881 ], [ 128.98477, 42.09313 ], [ 129.00869, 42.09528 ], [ 129.02627, 42.10217 ], [ 129.05313, 42.12307 ], [ 129.06323, 42.13635 ], [ 129.06445, 42.154 ], [ 129.08828, 42.14343 ], [ 129.10518, 42.14235 ], [ 129.11963, 42.1496 ], [ 129.14756, 42.17394 ], [ 129.17744, 42.19367 ], [ 129.196, 42.20949 ], [ 129.20386, 42.21454 ], [ 129.21094, 42.22023 ], [ 129.21411, 42.22602 ], [ 129.20908, 42.23493 ], [ 129.18662, 42.23627 ], [ 129.18057, 42.24335 ], [ 129.18311, 42.25475 ], [ 129.19189, 42.26008 ], [ 129.20264, 42.26301 ], [ 129.21094, 42.26728 ], [ 129.21465, 42.27595 ], [ 129.21387, 42.28395 ], [ 129.21602, 42.29133 ], [ 129.22764, 42.29797 ], [ 129.22031, 42.3039 ], [ 129.2123, 42.30805 ], [ 129.20332, 42.31037 ], [ 129.1936, 42.31098 ], [ 129.1936, 42.31843 ], [ 129.22598, 42.31843 ], [ 129.23594, 42.32416 ], [ 129.24194, 42.33893 ], [ 129.23999, 42.34431 ], [ 129.23389, 42.34675 ], [ 129.22827, 42.35046 ], [ 129.22764, 42.35944 ], [ 129.23096, 42.36794 ], [ 129.23574, 42.37458 ], [ 129.24277, 42.37897 ], [ 129.29639, 42.38752 ], [ 129.30342, 42.38984 ], [ 129.30674, 42.4079 ], [ 129.31514, 42.42255 ], [ 129.32627, 42.42707 ], [ 129.3375, 42.41467 ], [ 129.35176, 42.42084 ], [ 129.34346, 42.42946 ], [ 129.33828, 42.43859 ], [ 129.33984, 42.44567 ], [ 129.35176, 42.44819 ], [ 129.36289, 42.44526 ], [ 129.37178, 42.43281 ], [ 129.38594, 42.42829 ], [ 129.39512, 42.43049 ], [ 129.40586, 42.43622 ], [ 129.41855, 42.44128 ], [ 129.43384, 42.44135 ], [ 129.48218, 42.41096 ], [ 129.48848, 42.40278 ], [ 129.5167, 42.39118 ], [ 129.52319, 42.38361 ], [ 129.52656, 42.37336 ], [ 129.53491, 42.36982 ], [ 129.54502, 42.37153 ], [ 129.55381, 42.37714 ], [ 129.55908, 42.38723 ], [ 129.55981, 42.39704 ], [ 129.56299, 42.40436 ], [ 129.5874, 42.41164 ], [ 129.59424, 42.42248 ], [ 129.59531, 42.43591 ], [ 129.59141, 42.44819 ], [ 129.6333, 42.44567 ], [ 129.6709, 42.43818 ], [ 129.70303, 42.44269 ], [ 129.72852, 42.47614 ], [ 129.7334, 42.51203 ], [ 129.73125, 42.55121 ], [ 129.73633, 42.58539 ], [ 129.7627, 42.60646 ], [ 129.7627, 42.61267 ], [ 129.746, 42.61574 ], [ 129.74131, 42.62927 ], [ 129.75068, 42.64318 ], [ 129.77637, 42.64741 ], [ 129.77197, 42.66193 ], [ 129.77891, 42.6706 ], [ 129.78721, 42.67707 ], [ 129.78638, 42.685 ], [ 129.77412, 42.69362 ], [ 129.76416, 42.69709 ], [ 129.75732, 42.70392 ], [ 129.75537, 42.72253 ], [ 129.75693, 42.73493 ], [ 129.76094, 42.74636 ], [ 129.77305, 42.76716 ], [ 129.78916, 42.79274 ], [ 129.79482, 42.80671 ], [ 129.79883, 42.83686 ], [ 129.83398, 42.90773 ], [ 129.84121, 42.91804 ], [ 129.84629, 42.92849 ], [ 129.84727, 42.95153 ], [ 129.85156, 42.9621 ], [ 129.86289, 42.96931 ], [ 129.89307, 42.9718 ], [ 129.90674, 42.97639 ], [ 129.89746, 42.97895 ], [ 129.88975, 42.98303 ], [ 129.88379, 42.98871 ], [ 129.87939, 42.99628 ], [ 129.89038, 42.9997 ], [ 129.90894, 43.00873 ], [ 129.92041, 43.01057 ], [ 129.93369, 43.00866 ], [ 129.94141, 43.00385 ], [ 129.97144, 42.97394 ], [ 129.98125, 42.96699 ], [ 129.99551, 42.9621 ], [ 130.00806, 42.96076 ], [ 130.04697, 42.9621 ], [ 130.09414, 42.97717 ], [ 130.12134, 42.98212 ], [ 130.1333, 42.97297 ], [ 130.13027, 42.95974 ], [ 130.12231, 42.94355 ], [ 130.11133, 42.92932 ], [ 130.09854, 42.92175 ], [ 130.14014, 42.90734 ], [ 130.19346, 42.90847 ], [ 130.23848, 42.90253 ], [ 130.2561, 42.86713 ], [ 130.24194, 42.78229 ], [ 130.24268, 42.7436 ], [ 130.2623, 42.70886 ], [ 130.31689, 42.6676 ], [ 130.32446, 42.65051 ], [ 130.39268, 42.60646 ], [ 130.40352, 42.60432 ], [ 130.4126, 42.60493 ], [ 130.42012, 42.60456 ], [ 130.42744, 42.59963 ], [ 130.42969, 42.59174 ], [ 130.42598, 42.57233 ], [ 130.43091, 42.56179 ], [ 130.45215, 42.54963 ], [ 130.46777, 42.55519 ], [ 130.4708, 42.57001 ], [ 130.45483, 42.58539 ], [ 130.46748, 42.60065 ], [ 130.48389, 42.6103 ], [ 130.50107, 42.61096 ], [ 130.51611, 42.59963 ], [ 130.51924, 42.58889 ], [ 130.5249, 42.54951 ], [ 130.53052, 42.53071 ], [ 130.54238, 42.51081 ], [ 130.54419, 42.50654 ], [ 130.5458, 42.49555 ], [ 130.54971, 42.49067 ], [ 130.55444, 42.48786 ], [ 130.5585, 42.48293 ], [ 130.57544, 42.44599 ], [ 130.58716, 42.43225 ], [ 130.60557, 42.42084 ], [ 130.62832, 42.41506 ], [ 130.64551, 42.40107 ], [ 130.65635, 42.38349 ], [ 130.66025, 42.35944 ], [ 130.65991, 42.33417 ], [ 130.6625, 42.32082 ], [ 130.67275, 42.3114 ], [ 130.7002, 42.29511 ], [ 130.69402, 42.32594 ], [ 130.68964, 42.35351 ], [ 130.67757, 42.38673 ], [ 130.66112, 42.42804 ], [ 130.6326, 42.46366 ], [ 130.61505, 42.49278 ], [ 130.58433, 42.52836 ], [ 130.57117, 42.55422 ], [ 130.59311, 42.56068 ], [ 130.61505, 42.57846 ], [ 130.61724, 42.60914 ], [ 130.5975, 42.64788 ], [ 130.56239, 42.68015 ], [ 130.52071, 42.69144 ], [ 130.45709, 42.68982 ], [ 130.42638, 42.69788 ], [ 130.39786, 42.72045 ], [ 130.40663, 42.74946 ], [ 130.44173, 42.77845 ], [ 130.4878, 42.8026 ], [ 130.52949, 42.81708 ], [ 130.57775, 42.83478 ], [ 130.61724, 42.85087 ], [ 130.66989, 42.84283 ], [ 130.72913, 42.85408 ], [ 130.77739, 42.88463 ], [ 130.84321, 42.86213 ], [ 131.03626, 42.8573 ], [ 131.02968, 42.88624 ], [ 131.05162, 42.91196 ], [ 131.08892, 42.91356 ], [ 131.13279, 42.92802 ], [ 131.14376, 42.95853 ], [ 131.13718, 42.98582 ], [ 131.1306, 43.02433 ], [ 131.16351, 43.06762 ], [ 131.17886, 43.10767 ], [ 131.19641, 43.1605 ], [ 131.2008, 43.20369 ], [ 131.22713, 43.24206 ], [ 131.2732, 43.29478 ], [ 131.31269, 43.33309 ], [ 131.32366, 43.3634 ], [ 131.32146, 43.40167 ], [ 131.29733, 43.46539 ], [ 131.26662, 43.49882 ], [ 131.2359, 43.52905 ], [ 131.2381, 43.58946 ], [ 131.24687, 43.63235 ], [ 131.24029, 43.66727 ], [ 131.25126, 43.70693 ], [ 131.2359, 43.76558 ], [ 131.24468, 43.81784 ], [ 131.26442, 43.88745 ], [ 131.271, 43.94592 ], [ 131.271, 44.00591 ], [ 131.30391, 44.0422 ], [ 131.29294, 44.09894 ], [ 131.26662, 44.17924 ], [ 131.22932, 44.31125 ], [ 131.203, 44.41947 ], [ 131.14596, 44.55563 ], [ 131.10208, 44.69771 ], [ 131.02968, 44.78498 ], [ 130.95948, 44.83478 ], [ 130.96606, 44.86589 ], [ 131.05162, 44.88299 ], [ 131.11085, 44.93116 ], [ 131.18545, 44.92494 ], [ 131.24687, 44.92339 ], [ 131.271, 44.94203 ], [ 131.30172, 44.96221 ], [ 131.35656, 44.98084 ], [ 131.38289, 44.97463 ], [ 131.4509, 44.96376 ], [ 131.47284, 44.9979 ], [ 131.51013, 45.01962 ], [ 131.56279, 45.04907 ], [ 131.6308, 45.08471 ], [ 131.65054, 45.11878 ], [ 131.6637, 45.14973 ], [ 131.67028, 45.17758 ], [ 131.70977, 45.19304 ], [ 131.74487, 45.18685 ], [ 131.78436, 45.18376 ], [ 131.79533, 45.20541 ], [ 131.81069, 45.23477 ], [ 131.83702, 45.28881 ], [ 131.85018, 45.31659 ], [ 131.88309, 45.3351 ], [ 131.9138, 45.33355 ], [ 131.93793, 45.31042 ], [ 131.96426, 45.28109 ], [ 132.01691, 45.26566 ], [ 132.83945, 45.05939 ], [ 132.921, 45.02814 ], [ 132.95303, 45.02468 ], [ 132.96582, 45.02912 ], [ 132.99243, 45.04877 ], [ 133.02368, 45.05861 ], [ 133.04941, 45.08198 ], [ 133.073, 45.09084 ], [ 133.09839, 45.10803 ], [ 133.11514, 45.12331 ], [ 133.12109, 45.13154 ], [ 133.1249, 45.14162 ], [ 133.12695, 45.15563 ], [ 133.12036, 45.18371 ], [ 133.10625, 45.21496 ], [ 133.09727, 45.24377 ], [ 133.10645, 45.26491 ], [ 133.10156, 45.28747 ], [ 133.12695, 45.38532 ], [ 133.12842, 45.40295 ], [ 133.13291, 45.41987 ], [ 133.13989, 45.43566 ], [ 133.17944, 45.49409 ], [ 133.18896, 45.50446 ], [ 133.20186, 45.51154 ], [ 133.24063, 45.52355 ], [ 133.27124, 45.52863 ], [ 133.29858, 45.5423 ], [ 133.32998, 45.54951 ], [ 133.3623, 45.56818 ], [ 133.37451, 45.57331 ], [ 133.41318, 45.5736 ], [ 133.4248, 45.58063 ], [ 133.41479, 45.60065 ], [ 133.42734, 45.61555 ], [ 133.4417, 45.62087 ], [ 133.45811, 45.62287 ], [ 133.47695, 45.628 ], [ 133.47144, 45.63268 ], [ 133.46191, 45.64423 ], [ 133.45654, 45.64912 ], [ 133.48252, 45.66315 ], [ 133.49121, 45.67365 ], [ 133.4876, 45.68696 ], [ 133.47646, 45.69379 ], [ 133.45127, 45.69941 ], [ 133.44287, 45.70991 ], [ 133.4707, 45.72912 ], [ 133.48462, 45.76874 ], [ 133.51094, 45.77883 ], [ 133.50317, 45.78791 ], [ 133.4834, 45.79689 ], [ 133.47695, 45.8061 ], [ 133.47705, 45.82033 ], [ 133.48462, 45.82868 ], [ 133.49365, 45.83356 ], [ 133.49805, 45.83747 ], [ 133.50234, 45.86232 ], [ 133.51406, 45.87946 ], [ 133.53125, 45.88845 ], [ 133.552, 45.88869 ], [ 133.55884, 45.88552 ], [ 133.56387, 45.8808 ], [ 133.56982, 45.87665 ], [ 133.5793, 45.87507 ], [ 133.58569, 45.87658 ], [ 133.58569, 45.88007 ], [ 133.58423, 45.88439 ], [ 133.58618, 45.88869 ], [ 133.60278, 45.89887 ], [ 133.60586, 45.90534 ], [ 133.60664, 45.9197 ], [ 133.60977, 45.93 ], [ 133.61743, 45.93654 ], [ 133.62754, 45.93806 ], [ 133.64951, 45.92809 ], [ 133.65781, 45.93476 ], [ 133.69443, 46.02302 ], [ 133.71973, 46.06403 ], [ 133.71899, 46.07954 ], [ 133.696, 46.11525 ], [ 133.68701, 46.14204 ], [ 133.69844, 46.14929 ], [ 133.71973, 46.15046 ], [ 133.74072, 46.1593 ], [ 133.76572, 46.17824 ], [ 133.7748, 46.18688 ], [ 133.78135, 46.19697 ], [ 133.78623, 46.2069 ], [ 133.79321, 46.21454 ], [ 133.80591, 46.21765 ], [ 133.81289, 46.21442 ], [ 133.821, 46.20038 ], [ 133.82983, 46.19714 ], [ 133.83633, 46.2007 ], [ 133.85254, 46.21772 ], [ 133.86045, 46.22382 ], [ 133.85488, 46.23688 ], [ 133.86934, 46.24475 ], [ 133.88965, 46.25104 ], [ 133.90215, 46.25922 ], [ 133.90176, 46.27834 ], [ 133.89385, 46.29157 ], [ 133.89346, 46.30212 ], [ 133.91572, 46.31325 ], [ 133.90664, 46.3227 ], [ 133.896, 46.32751 ], [ 133.88486, 46.32685 ], [ 133.87412, 46.32001 ], [ 133.86328, 46.33954 ], [ 133.88062, 46.35395 ], [ 133.92568, 46.37153 ], [ 133.93359, 46.39099 ], [ 133.92114, 46.41042 ], [ 133.8999, 46.42683 ], [ 133.88159, 46.43737 ], [ 133.87021, 46.44074 ], [ 133.86133, 46.44128 ], [ 133.854, 46.44489 ], [ 133.84736, 46.45722 ], [ 133.84546, 46.47089 ], [ 133.84902, 46.48054 ], [ 133.8916, 46.52917 ], [ 133.896, 46.53852 ], [ 133.89868, 46.56354 ], [ 133.90215, 46.57392 ], [ 133.92012, 46.59064 ], [ 133.96719, 46.61144 ], [ 133.9877, 46.62543 ], [ 134.00508, 46.64606 ], [ 134.01436, 46.66523 ], [ 134.02563, 46.71105 ], [ 134.0415, 46.753 ], [ 134.04434, 46.77228 ], [ 134.03555, 46.78991 ], [ 134.02124, 46.80642 ], [ 134.01636, 46.8197 ], [ 134.02026, 46.8343 ], [ 134.0625, 46.9071 ], [ 134.0665, 46.92707 ], [ 134.0665, 46.96804 ], [ 134.06875, 46.98146 ], [ 134.07397, 46.9884 ], [ 134.08057, 46.99294 ], [ 134.08701, 46.99909 ], [ 134.11401, 47.0561 ], [ 134.12402, 47.07075 ], [ 134.14541, 47.08142 ], [ 134.19678, 47.08539 ], [ 134.2168, 47.09467 ], [ 134.22676, 47.11799 ], [ 134.21582, 47.13796 ], [ 134.19844, 47.15583 ], [ 134.18945, 47.17316 ], [ 134.19531, 47.19396 ], [ 134.19688, 47.20559 ], [ 134.19287, 47.21076 ], [ 134.18628, 47.21393 ], [ 134.16807, 47.23078 ], [ 134.16162, 47.23864 ], [ 134.15391, 47.25812 ], [ 134.15967, 47.27192 ], [ 134.16968, 47.28705 ], [ 134.1752, 47.31066 ], [ 134.1834, 47.3277 ], [ 134.20264, 47.33869 ], [ 134.24473, 47.35534 ], [ 134.25732, 47.3675 ], [ 134.2793, 47.39802 ], [ 134.29248, 47.40998 ], [ 134.3125, 47.42036 ], [ 134.33242, 47.42658 ], [ 134.35361, 47.42963 ], [ 134.37793, 47.43049 ], [ 134.38867, 47.43305 ], [ 134.40156, 47.43757 ], [ 134.41465, 47.43947 ], [ 134.43613, 47.43005 ], [ 134.47168, 47.4289 ], [ 134.48437, 47.43049 ], [ 134.5001, 47.43915 ], [ 134.53491, 47.46577 ], [ 134.55654, 47.47138 ], [ 134.5603, 47.48212 ], [ 134.60376, 47.52802 ], [ 134.61465, 47.53688 ], [ 134.62402, 47.54992 ], [ 134.66787, 47.57429 ], [ 134.68237, 47.58808 ], [ 134.68604, 47.60908 ], [ 134.68643, 47.63142 ], [ 134.69258, 47.64919 ], [ 134.71362, 47.65637 ], [ 134.7252, 47.66352 ], [ 134.77222, 47.711 ], [ 134.76489, 47.71845 ], [ 134.76953, 47.74128 ], [ 134.69619, 47.79536 ], [ 134.67598, 47.82458 ], [ 134.67383, 47.84077 ], [ 134.66738, 47.86494 ], [ 134.65747, 47.88698 ], [ 134.64541, 47.8966 ], [ 134.62256, 47.90046 ], [ 134.59888, 47.91096 ], [ 134.5874, 47.92614 ], [ 134.60107, 47.9444 ], [ 134.5667, 47.98579 ], [ 134.55908, 48.00978 ], [ 134.56689, 48.04059 ], [ 134.58618, 48.06147 ], [ 134.64766, 48.10236 ], [ 134.66235, 48.10822 ], [ 134.68262, 48.13576 ], [ 134.68711, 48.22009 ], [ 134.70288, 48.25288 ], [ 134.71836, 48.26362 ], [ 134.75996, 48.28347 ], [ 134.79126, 48.2923 ], [ 134.82236, 48.3183 ], [ 134.84058, 48.32795 ], [ 134.96055, 48.34992 ], [ 134.99814, 48.36274 ], [ 135.052, 48.3926 ], [ 135.07007, 48.40637 ], [ 135.07812, 48.41437 ], [ 135.08438, 48.42365 ], [ 135.08789, 48.43195 ], [ 135.09033, 48.44142 ], [ 135.09004, 48.4507 ], [ 135.08569, 48.45851 ], [ 135.07642, 48.46642 ], [ 135.05444, 48.47944 ], [ 135.04373, 48.48361 ], [ 135.04746, 48.4726 ], [ 135.04956, 48.45925 ], [ 135.04639, 48.44709 ], [ 135.03555, 48.43745 ], [ 135.01924, 48.43322 ], [ 134.96592, 48.43659 ], [ 134.92456, 48.43342 ], [ 134.88389, 48.42438 ], [ 134.76914, 48.3738 ], [ 134.75146, 48.3716 ], [ 134.73438, 48.37336 ], [ 134.59805, 48.41645 ], [ 134.58018, 48.41784 ], [ 134.50508, 48.41369 ], [ 134.49619, 48.41169 ], [ 134.44727, 48.39514 ], [ 134.36694, 48.37731 ], [ 134.20576, 48.35988 ], [ 134.11572, 48.33547 ], [ 134.05674, 48.32746 ], [ 134.04028, 48.3227 ], [ 134.02451, 48.31538 ], [ 133.98218, 48.28535 ], [ 133.96621, 48.27888 ], [ 133.93662, 48.2735 ], [ 133.8772, 48.27551 ], [ 133.86729, 48.2746 ], [ 133.84922, 48.26955 ], [ 133.8147, 48.25544 ], [ 133.79629, 48.25085 ], [ 133.7377, 48.25134 ], [ 133.7209, 48.24499 ], [ 133.70762, 48.23195 ], [ 133.68516, 48.20241 ], [ 133.67002, 48.19025 ], [ 133.6543, 48.18415 ], [ 133.62109, 48.17756 ], [ 133.60518, 48.17189 ], [ 133.59336, 48.16437 ], [ 133.58447, 48.15559 ], [ 133.57754, 48.14528 ], [ 133.57178, 48.133 ], [ 133.55967, 48.11354 ], [ 133.54355, 48.10183 ], [ 133.52402, 48.09572 ], [ 133.46338, 48.08972 ], [ 133.45059, 48.09162 ], [ 133.41284, 48.10329 ], [ 133.3959, 48.10615 ], [ 133.3792, 48.10656 ], [ 133.32324, 48.10041 ], [ 133.30117, 48.10151 ], [ 133.29053, 48.10461 ], [ 133.27246, 48.11535 ], [ 133.2625, 48.1197 ], [ 133.22339, 48.12624 ], [ 133.18481, 48.12507 ], [ 133.0917, 48.107 ], [ 133.075, 48.10114 ], [ 133.06064, 48.09211 ], [ 133.05078, 48.0788 ], [ 133.04727, 48.07184 ], [ 133.04375, 48.06647 ], [ 133.03906, 48.06179 ], [ 133.03247, 48.05707 ], [ 133.02441, 48.05268 ], [ 132.94053, 48.02692 ], [ 132.94004, 48.02282 ], [ 132.8645, 47.98591 ], [ 132.85327, 47.97639 ], [ 132.83311, 47.95185 ], [ 132.82031, 47.94257 ], [ 132.80557, 47.93647 ], [ 132.78926, 47.93298 ], [ 132.77466, 47.93395 ], [ 132.76221, 47.93964 ], [ 132.73779, 47.95441 ], [ 132.72227, 47.95917 ], [ 132.70547, 47.96057 ], [ 132.68887, 47.95803 ], [ 132.67441, 47.95087 ], [ 132.66787, 47.94538 ], [ 132.66299, 47.93891 ], [ 132.66016, 47.93159 ], [ 132.66055, 47.92329 ], [ 132.66382, 47.91608 ], [ 132.66787, 47.90961 ], [ 132.67114, 47.90278 ], [ 132.67197, 47.89472 ], [ 132.66768, 47.88154 ], [ 132.65859, 47.87006 ], [ 132.60718, 47.82783 ], [ 132.58105, 47.80097 ], [ 132.57617, 47.7945 ], [ 132.57344, 47.78864 ], [ 132.57344, 47.78249 ], [ 132.58057, 47.76501 ], [ 132.58203, 47.75642 ], [ 132.58008, 47.74824 ], [ 132.57383, 47.73981 ], [ 132.55654, 47.7237 ], [ 132.54688, 47.71706 ], [ 132.53613, 47.7113 ], [ 132.52432, 47.70771 ], [ 132.47559, 47.7071 ], [ 132.45303, 47.71076 ], [ 132.40029, 47.7301 ], [ 132.36621, 47.73561 ], [ 132.33203, 47.73676 ], [ 132.26416, 47.72907 ], [ 132.25049, 47.7256 ], [ 132.2019, 47.70075 ], [ 132.18872, 47.69587 ], [ 132.16138, 47.69025 ], [ 132.1167, 47.68972 ], [ 132.08887, 47.69501 ], [ 132.025, 47.69807 ], [ 131.96602, 47.69025 ], [ 131.95703, 47.6872 ], [ 131.93262, 47.67248 ], [ 131.92407, 47.66921 ], [ 131.91367, 47.66791 ], [ 131.90322, 47.6684 ], [ 131.89404, 47.67023 ], [ 131.86465, 47.68183 ], [ 131.8543, 47.68434 ], [ 131.83569, 47.68483 ], [ 131.79883, 47.67963 ], [ 131.78003, 47.67932 ], [ 131.70264, 47.69641 ], [ 131.6832, 47.69489 ], [ 131.63037, 47.66711 ], [ 131.62148, 47.66408 ], [ 131.6123, 47.66223 ], [ 131.60293, 47.66174 ], [ 131.59365, 47.66262 ], [ 131.58447, 47.66491 ], [ 131.57715, 47.66882 ], [ 131.5376, 47.70349 ], [ 131.50742, 47.7218 ], [ 131.47461, 47.73469 ], [ 131.44053, 47.7414 ], [ 131.41807, 47.74287 ], [ 131.20996, 47.70942 ], [ 131.16689, 47.69738 ], [ 131.12891, 47.68151 ], [ 131.10361, 47.67678 ], [ 131.08408, 47.67536 ], [ 131.04385, 47.67751 ], [ 131.02319, 47.68256 ], [ 130.9833, 47.70026 ], [ 130.96533, 47.70417 ], [ 130.9417, 47.71821 ], [ 130.93809, 47.75134 ], [ 130.94214, 47.79006 ], [ 130.94141, 47.82087 ], [ 130.90664, 47.88447 ], [ 130.85703, 47.92805 ], [ 130.68213, 48.0506 ], [ 130.67456, 48.06423 ], [ 130.67065, 48.08686 ], [ 130.66445, 48.10231 ], [ 130.66309, 48.11664 ], [ 130.65673, 48.15881 ], [ 130.68306, 48.1983 ], [ 130.72474, 48.26991 ], [ 130.73351, 48.32245 ], [ 130.70061, 48.35453 ], [ 130.6677, 48.39097 ], [ 130.63479, 48.43756 ], [ 130.62598, 48.48249 ], [ 130.62427, 48.48859 ], [ 130.61548, 48.50837 ], [ 130.61304, 48.51979 ], [ 130.6145, 48.53039 ], [ 130.57994, 48.53353 ], [ 130.5251, 48.52046 ], [ 130.47683, 48.52482 ], [ 130.44393, 48.54515 ], [ 130.43954, 48.58145 ], [ 130.43296, 48.61337 ], [ 130.36495, 48.62497 ], [ 130.34959, 48.64962 ], [ 130.35398, 48.68584 ], [ 130.36275, 48.74085 ], [ 130.3803, 48.78134 ], [ 130.42418, 48.83913 ], [ 130.46504, 48.89162 ], [ 130.43945, 48.89675 ], [ 130.38647, 48.89655 ], [ 130.33789, 48.88561 ], [ 130.29321, 48.87038 ], [ 130.24902, 48.86481 ], [ 130.20156, 48.88288 ], [ 130.03711, 48.97224 ], [ 129.99658, 49.00263 ], [ 129.97402, 49.0154 ], [ 129.92617, 49.02595 ], [ 129.91309, 49.03981 ], [ 129.91138, 49.05952 ], [ 129.92041, 49.0821 ], [ 129.88291, 49.10004 ], [ 129.86221, 49.10676 ], [ 129.84121, 49.10944 ], [ 129.84512, 49.15432 ], [ 129.84121, 49.16743 ], [ 129.82446, 49.17443 ], [ 129.77563, 49.1778 ], [ 129.75537, 49.18452 ], [ 129.7416, 49.19599 ], [ 129.7373, 49.20576 ], [ 129.73477, 49.23913 ], [ 129.71094, 49.27443 ], [ 129.66885, 49.27941 ], [ 129.6189, 49.27448 ], [ 129.57153, 49.2801 ], [ 129.55151, 49.29072 ], [ 129.53867, 49.30402 ], [ 129.53184, 49.3218 ], [ 129.53003, 49.36957 ], [ 129.52759, 49.38513 ], [ 129.51943, 49.39733 ], [ 129.50195, 49.41108 ], [ 129.48037, 49.4215 ], [ 129.45459, 49.42756 ], [ 129.40308, 49.43093 ], [ 129.37842, 49.42531 ], [ 129.37119, 49.41083 ], [ 129.37295, 49.37014 ], [ 129.36172, 49.35012 ], [ 129.34072, 49.34138 ], [ 129.31592, 49.34435 ], [ 129.27197, 49.37551 ], [ 129.24521, 49.38618 ], [ 129.21768, 49.39106 ], [ 129.1936, 49.38996 ], [ 129.1709, 49.38063 ], [ 129.13574, 49.35444 ], [ 129.11499, 49.34899 ], [ 129.0875, 49.35236 ], [ 129.0667, 49.36193 ], [ 129.05029, 49.37702 ], [ 129.0144, 49.43134 ], [ 128.9978, 49.44152 ], [ 128.94678, 49.44977 ], [ 128.90176, 49.47199 ], [ 128.87891, 49.48 ], [ 128.85327, 49.48078 ], [ 128.80957, 49.46894 ], [ 128.78638, 49.46569 ], [ 128.75977, 49.47114 ], [ 128.7499, 49.48481 ], [ 128.75381, 49.50275 ], [ 128.76904, 49.52094 ], [ 128.77905, 49.52534 ], [ 128.79014, 49.52736 ], [ 128.79932, 49.5321 ], [ 128.80313, 49.5445 ], [ 128.80298, 49.55537 ], [ 128.80151, 49.56538 ], [ 128.79663, 49.5727 ], [ 128.78638, 49.57556 ], [ 128.75918, 49.57807 ], [ 128.73398, 49.58459 ], [ 128.68643, 49.60346 ], [ 128.67148, 49.61169 ], [ 128.66572, 49.60969 ], [ 128.63496, 49.57844 ], [ 128.62842, 49.57556 ], [ 128.55098, 49.58869 ], [ 128.3832, 49.57961 ], [ 128.37168, 49.57556 ], [ 128.36465, 49.57001 ], [ 128.35254, 49.55475 ], [ 128.34448, 49.54821 ], [ 128.32007, 49.54504 ], [ 128.26782, 49.55903 ], [ 128.24512, 49.55163 ], [ 128.22485, 49.54211 ], [ 128.19814, 49.53925 ], [ 128.09229, 49.54182 ], [ 128.06689, 49.54694 ], [ 128.04648, 49.55847 ], [ 128.01221, 49.58771 ], [ 127.99121, 49.59899 ], [ 127.96777, 49.60346 ], [ 127.95508, 49.60329 ], [ 127.94751, 49.60143 ], [ 127.94043, 49.59614 ], [ 127.92979, 49.58552 ], [ 127.92041, 49.58137 ], [ 127.90698, 49.58051 ], [ 127.85449, 49.58508 ], [ 127.83057, 49.59411 ], [ 127.80928, 49.60737 ], [ 127.78955, 49.62336 ], [ 127.76978, 49.6341 ], [ 127.72168, 49.64887 ], [ 127.70322, 49.66091 ], [ 127.6897, 49.68171 ], [ 127.68672, 49.69916 ], [ 127.68604, 49.71711 ], [ 127.67969, 49.73937 ], [ 127.64404, 49.7674 ], [ 127.53828, 49.79023 ], [ 127.50781, 49.82258 ], [ 127.50635, 49.84455 ], [ 127.51133, 49.86933 ], [ 127.52051, 49.89204 ], [ 127.53198, 49.9079 ], [ 127.53369, 49.92272 ], [ 127.52124, 49.94147 ], [ 127.49414, 49.97346 ], [ 127.48633, 50.0259 ], [ 127.50625, 50.06374 ], [ 127.56982, 50.13044 ], [ 127.58032, 50.14936 ], [ 127.58652, 50.16743 ], [ 127.58965, 50.18659 ], [ 127.59033, 50.209 ], [ 127.57812, 50.22082 ], [ 127.40439, 50.27624 ], [ 127.3543, 50.2989 ], [ 127.33018, 50.32844 ], [ 127.33154, 50.3404 ], [ 127.3373, 50.35297 ], [ 127.34546, 50.36469 ], [ 127.35449, 50.3738 ], [ 127.3584, 50.38161 ], [ 127.35928, 50.39313 ], [ 127.35815, 50.41535 ], [ 127.34888, 50.42646 ], [ 127.3043, 50.45173 ], [ 127.28867, 50.46625 ], [ 127.30244, 50.4779 ], [ 127.30996, 50.48864 ], [ 127.32344, 50.51403 ], [ 127.3334, 50.52526 ], [ 127.35645, 50.54487 ], [ 127.36436, 50.555 ], [ 127.3667, 50.57807 ], [ 127.3584, 50.60529 ], [ 127.34346, 50.628 ], [ 127.32676, 50.63752 ], [ 127.29453, 50.66669 ], [ 127.28867, 50.67541 ], [ 127.28682, 50.6822 ], [ 127.2834, 50.68854 ], [ 127.28213, 50.69509 ], [ 127.28564, 50.70275 ], [ 127.28955, 50.70861 ], [ 127.29297, 50.71564 ], [ 127.29531, 50.72309 ], [ 127.29614, 50.73034 ], [ 127.28711, 50.75129 ], [ 127.26587, 50.76435 ], [ 127.24082, 50.77497 ], [ 127.22031, 50.7884 ], [ 127.14395, 50.90375 ], [ 127.11045, 50.93176 ], [ 127.04678, 50.96747 ], [ 127.03198, 50.97272 ], [ 126.98086, 51.02795 ], [ 126.946, 51.04865 ], [ 126.93154, 51.06403 ], [ 126.92554, 51.0863 ], [ 126.92275, 51.10822 ], [ 126.90928, 51.14631 ], [ 126.90503, 51.1645 ], [ 126.90356, 51.19362 ], [ 126.90479, 51.20837 ], [ 126.90869, 51.22194 ], [ 126.91592, 51.23303 ], [ 126.94668, 51.25837 ], [ 126.96768, 51.28181 ], [ 126.97754, 51.29682 ], [ 126.98086, 51.30915 ], [ 126.97178, 51.32429 ], [ 126.9543, 51.32985 ], [ 126.93418, 51.32905 ], [ 126.91699, 51.32502 ], [ 126.90811, 51.32148 ], [ 126.89902, 51.31677 ], [ 126.89102, 51.31074 ], [ 126.88496, 51.30317 ], [ 126.88452, 51.29592 ], [ 126.88877, 51.28962 ], [ 126.89258, 51.28225 ], [ 126.89038, 51.27175 ], [ 126.86963, 51.25202 ], [ 126.84546, 51.25173 ], [ 126.82344, 51.26589 ], [ 126.80869, 51.28937 ], [ 126.80684, 51.30842 ], [ 126.81372, 51.32521 ], [ 126.82676, 51.33923 ], [ 126.84302, 51.34963 ], [ 126.86045, 51.35419 ], [ 126.87988, 51.35646 ], [ 126.89722, 51.36225 ], [ 126.90869, 51.37726 ], [ 126.90908, 51.39138 ], [ 126.90176, 51.40124 ], [ 126.88975, 51.40729 ], [ 126.87656, 51.41017 ], [ 126.82568, 51.4123 ], [ 126.8001, 51.41926 ], [ 126.78896, 51.4361 ], [ 126.79238, 51.45934 ], [ 126.80127, 51.47748 ], [ 126.83008, 51.50837 ], [ 126.80713, 51.53444 ], [ 126.77529, 51.54597 ], [ 126.7002, 51.56301 ], [ 126.67651, 51.57692 ], [ 126.6748, 51.58864 ], [ 126.70361, 51.61389 ], [ 126.72339, 51.63618 ], [ 126.72412, 51.64985 ], [ 126.71543, 51.66345 ], [ 126.70713, 51.68586 ], [ 126.71055, 51.6863 ], [ 126.71748, 51.69123 ], [ 126.72451, 51.69782 ], [ 126.72754, 51.70331 ], [ 126.72534, 51.70905 ], [ 126.71543, 51.71779 ], [ 126.71338, 51.72346 ], [ 126.66211, 51.73371 ], [ 126.64766, 51.74152 ], [ 126.4458, 51.98286 ], [ 126.43896, 51.99811 ], [ 126.44702, 52.01906 ], [ 126.4667, 52.03193 ], [ 126.49131, 52.03908 ], [ 126.51406, 52.04279 ], [ 126.51406, 52.04902 ], [ 126.51943, 52.06159 ], [ 126.55098, 52.11323 ], [ 126.55566, 52.13093 ], [ 126.53086, 52.15295 ], [ 126.49365, 52.16149 ], [ 126.45303, 52.16589 ], [ 126.35034, 52.19201 ], [ 126.33252, 52.19362 ], [ 126.31641, 52.20002 ], [ 126.30908, 52.21413 ], [ 126.31172, 52.22822 ], [ 126.3918, 52.26459 ], [ 126.43896, 52.27558 ], [ 126.42065, 52.28754 ], [ 126.34424, 52.30292 ], [ 126.31543, 52.31647 ], [ 126.34399, 52.35786 ], [ 126.35049, 52.37722 ], [ 126.34326, 52.39167 ], [ 126.3124, 52.41767 ], [ 126.2959, 52.43549 ], [ 126.28882, 52.45026 ], [ 126.27578, 52.46357 ], [ 126.24658, 52.46613 ], [ 126.21641, 52.46503 ], [ 126.2, 52.46735 ], [ 126.20044, 52.48676 ], [ 126.21006, 52.51174 ], [ 126.21191, 52.53327 ], [ 126.17012, 52.54787 ], [ 126.08228, 52.59362 ], [ 126.06846, 52.59565 ], [ 126.06226, 52.58747 ], [ 126.05884, 52.57575 ], [ 126.05039, 52.57148 ], [ 126.03926, 52.56989 ], [ 126.02773, 52.56667 ], [ 126.00889, 52.56867 ], [ 125.99715, 52.58029 ], [ 125.99715, 52.77257 ], [ 125.98496, 52.76484 ], [ 125.97656, 52.76525 ], [ 125.86719, 52.84963 ], [ 125.86074, 52.85632 ], [ 125.85664, 52.86457 ], [ 125.85718, 52.8747 ], [ 125.86143, 52.88166 ], [ 125.86348, 52.88886 ], [ 125.85664, 52.89936 ], [ 125.83701, 52.90693 ], [ 125.73623, 52.89606 ], [ 125.69131, 52.88154 ], [ 125.66836, 52.87824 ], [ 125.64624, 52.88513 ], [ 125.64688, 52.90119 ], [ 125.66064, 52.91962 ], [ 125.67861, 52.93347 ], [ 125.68823, 52.93671 ], [ 125.71069, 52.94147 ], [ 125.71963, 52.94655 ], [ 125.72402, 52.95307 ], [ 125.73315, 52.98188 ], [ 125.67822, 53.00593 ], [ 125.6499, 53.02363 ], [ 125.6377, 53.04645 ], [ 125.621, 53.06237 ], [ 125.58374, 53.0592 ], [ 125.521, 53.04267 ], [ 125.49927, 53.05085 ], [ 125.47617, 53.08376 ], [ 125.45605, 53.09113 ], [ 125.42773, 53.09499 ], [ 125.12705, 53.20685 ], [ 125.07344, 53.21252 ], [ 125.01904, 53.211 ], [ 124.91895, 53.19416 ], [ 124.89746, 53.18581 ], [ 124.87998, 53.1728 ], [ 124.87881, 53.15412 ], [ 124.8915, 53.13447 ], [ 124.8959, 53.11787 ], [ 124.86987, 53.10822 ], [ 124.84775, 53.11396 ], [ 124.82178, 53.14753 ], [ 124.80098, 53.15539 ], [ 124.74697, 53.14797 ], [ 124.71973, 53.14912 ], [ 124.698, 53.16286 ], [ 124.69531, 53.17004 ], [ 124.69653, 53.17658 ], [ 124.696, 53.18403 ], [ 124.68799, 53.19392 ], [ 124.67842, 53.19958 ], [ 124.65137, 53.20905 ], [ 124.63989, 53.21064 ], [ 124.52783, 53.21064 ], [ 124.50024, 53.21393 ], [ 124.45361, 53.22846 ], [ 124.40796, 53.23596 ], [ 124.3834, 53.24641 ], [ 124.35962, 53.25971 ], [ 124.34219, 53.27272 ], [ 124.32544, 53.30622 ], [ 124.321, 53.31 ], [ 124.30444, 53.32929 ], [ 124.29321, 53.35158 ], [ 124.2751, 53.36494 ], [ 124.25264, 53.3758 ], [ 124.23232, 53.38195 ], [ 124.2085, 53.38293 ], [ 124.18203, 53.37878 ], [ 124.15747, 53.37031 ], [ 124.13989, 53.3581 ], [ 124.12158, 53.35297 ], [ 124.1001, 53.36359 ], [ 124.06846, 53.38991 ], [ 124.05542, 53.39521 ], [ 124.02969, 53.40026 ], [ 124.01709, 53.40729 ], [ 124.00977, 53.41498 ], [ 123.98936, 53.44172 ], [ 123.97031, 53.45544 ], [ 123.87637, 53.48896 ], [ 123.84985, 53.49531 ], [ 123.77376, 53.50093 ], [ 123.7063, 53.51489 ], [ 123.68918, 53.51541 ], [ 123.67744, 53.52028 ], [ 123.63916, 53.55158 ], [ 123.61401, 53.56367 ], [ 123.59155, 53.55812 ], [ 123.56064, 53.52448 ], [ 123.5416, 53.51435 ], [ 123.51914, 53.52028 ], [ 123.53232, 53.53278 ], [ 123.53916, 53.53737 ], [ 123.54712, 53.54079 ], [ 123.53506, 53.55495 ], [ 123.51416, 53.56269 ], [ 123.49453, 53.56037 ], [ 123.48574, 53.54421 ], [ 123.48506, 53.52631 ], [ 123.4828, 53.52158 ], [ 123.46435, 53.52213 ], [ 123.4314, 53.53608 ], [ 123.41968, 53.53876 ], [ 123.37988, 53.54309 ], [ 123.36758, 53.54609 ], [ 123.33984, 53.56171 ], [ 123.30928, 53.56774 ], [ 123.27715, 53.56977 ], [ 123.25234, 53.56806 ], [ 123.23437, 53.56061 ], [ 123.20303, 53.53859 ], [ 123.17969, 53.53071 ], [ 123.16396, 53.51662 ], [ 123.15332, 53.51345 ], [ 123.0022, 53.50764 ], [ 122.85928, 53.47424 ], [ 122.58632, 53.46777 ], [ 122.35, 53.49143 ], [ 122.15039, 53.46245 ], [ 122.14756, 53.46137 ], [ 122.10781, 53.43835 ], [ 122.08135, 53.42975 ], [ 121.88867, 53.43093 ], [ 121.64072, 53.3852 ], [ 121.51182, 53.3301 ], [ 121.4585, 53.32075 ], [ 121.40537, 53.31708 ], [ 121.35742, 53.32434 ], [ 121.34058, 53.32392 ], [ 121.32803, 53.32026 ], [ 121.29956, 53.3028 ], [ 121.25317, 53.28718 ], [ 121.20312, 53.27697 ], [ 121.15156, 53.27473 ], [ 121.05469, 53.29023 ], [ 120.87393, 53.28046 ], [ 120.84546, 53.27375 ], [ 120.82568, 53.26215 ], [ 120.83008, 53.24506 ], [ 120.82363, 53.23554 ], [ 120.75088, 53.20722 ], [ 120.71377, 53.18537 ], [ 120.65176, 53.12311 ], [ 120.61436, 53.09736 ], [ 120.52744, 53.05602 ], [ 120.45, 53.00861 ], [ 120.3916, 52.9571 ], [ 120.36182, 52.93964 ], [ 120.35376, 52.93347 ], [ 120.34619, 52.92377 ], [ 120.34219, 52.91572 ], [ 120.33701, 52.9079 ], [ 120.32642, 52.89936 ], [ 120.302, 52.89147 ], [ 120.29028, 52.88561 ], [ 120.28545, 52.87512 ], [ 120.27988, 52.86616 ], [ 120.26699, 52.85842 ], [ 120.25205, 52.85297 ], [ 120.21934, 52.84523 ], [ 120.177, 52.81818 ], [ 120.15566, 52.80934 ], [ 120.06567, 52.78351 ], [ 120.0466, 52.77045 ], [ 120.05807, 52.60042 ], [ 120.23473, 52.60462 ], [ 120.2417, 52.60749 ], [ 120.26084, 52.6114 ], [ 120.36729, 52.61755 ], [ 120.38916, 52.6225 ], [ 120.42959, 52.63635 ], [ 120.45361, 52.63928 ], [ 120.46362, 52.6363 ], [ 120.49146, 52.61755 ], [ 120.53926, 52.60388 ], [ 120.6084, 52.57429 ], [ 120.6542, 52.56725 ], [ 120.70703, 52.5506 ], [ 120.72363, 52.54243 ], [ 120.70776, 52.51843 ], [ 120.70459, 52.50947 ], [ 120.70371, 52.49811 ], [ 120.70166, 52.48896 ], [ 120.69229, 52.47492 ], [ 120.69014, 52.4704 ], [ 120.69014, 52.4394 ], [ 120.68125, 52.42329 ], [ 120.66006, 52.39904 ], [ 120.65596, 52.38166 ], [ 120.65186, 52.37275 ], [ 120.64282, 52.36657 ], [ 120.6333, 52.36208 ], [ 120.62803, 52.3581 ], [ 120.62598, 52.34711 ], [ 120.62891, 52.34113 ], [ 120.6333, 52.33576 ], [ 120.6355, 52.32643 ], [ 120.65454, 52.29938 ], [ 120.73877, 52.2569 ], [ 120.75781, 52.23767 ], [ 120.75674, 52.22809 ], [ 120.75205, 52.21203 ], [ 120.75088, 52.20324 ], [ 120.75342, 52.19477 ], [ 120.76636, 52.1798 ], [ 120.77148, 52.17194 ], [ 120.77715, 52.16523 ], [ 120.78296, 52.16223 ], [ 120.78394, 52.15827 ], [ 120.7751, 52.14863 ], [ 120.7709, 52.14123 ], [ 120.7709, 52.13276 ], [ 120.77393, 52.12453 ], [ 120.77891, 52.11794 ], [ 120.76636, 52.10871 ], [ 120.75264, 52.08662 ], [ 120.74463, 52.07692 ], [ 120.73184, 52.0705 ], [ 120.71777, 52.06684 ], [ 120.70547, 52.06135 ], [ 120.69688, 52.04902 ], [ 120.696, 52.03474 ], [ 120.70088, 52.02314 ], [ 120.70728, 52.01271 ], [ 120.71118, 52.00183 ], [ 120.71055, 51.98859 ], [ 120.70557, 51.98024 ], [ 120.6834, 51.95959 ], [ 120.66648, 51.93283 ], [ 120.62902, 51.9067 ], [ 120.62461, 51.90559 ], [ 120.57852, 51.90803 ], [ 120.56602, 51.90559 ], [ 120.55576, 51.89863 ], [ 120.54907, 51.89074 ], [ 120.54092, 51.88332 ], [ 120.52627, 51.8777 ], [ 120.51147, 51.87641 ], [ 120.50186, 51.87751 ], [ 120.49292, 51.87592 ], [ 120.48057, 51.86713 ], [ 120.47583, 51.85939 ], [ 120.47119, 51.84931 ], [ 120.46465, 51.84052 ], [ 120.45361, 51.83674 ], [ 120.42725, 51.83393 ], [ 120.40796, 51.82636 ], [ 120.37412, 51.80256 ], [ 120.31904, 51.77624 ], [ 120.18115, 51.68322 ], [ 120.16528, 51.66882 ], [ 120.15356, 51.66425 ], [ 120.12197, 51.66743 ], [ 120.10791, 51.6654 ], [ 120.1002, 51.66022 ], [ 120.08555, 51.64465 ], [ 120.0647, 51.61518 ], [ 120.0564, 51.5967 ], [ 120.05322, 51.57726 ], [ 120.05264, 51.55244 ], [ 120.04189, 51.53876 ], [ 119.99194, 51.50349 ], [ 119.97705, 51.48732 ], [ 119.97388, 51.46442 ], [ 119.98022, 51.45307 ], [ 119.98242, 51.44245 ], [ 119.96689, 51.42214 ], [ 119.95986, 51.41254 ], [ 119.95664, 51.40485 ], [ 119.95264, 51.39797 ], [ 119.94277, 51.39106 ], [ 119.89502, 51.38422 ], [ 119.8998, 51.37048 ], [ 119.91235, 51.34992 ], [ 119.91543, 51.331 ], [ 119.8916, 51.32282 ], [ 119.88291, 51.3183 ], [ 119.86035, 51.28925 ], [ 119.85034, 51.28454 ], [ 119.82852, 51.27997 ], [ 119.81934, 51.27502 ], [ 119.81592, 51.26931 ], [ 119.80566, 51.24426 ], [ 119.80908, 51.23293 ], [ 119.81445, 51.22302 ], [ 119.8147, 51.21613 ], [ 119.80225, 51.21357 ], [ 119.77197, 51.21877 ], [ 119.76196, 51.2154 ], [ 119.75781, 51.19929 ], [ 119.78516, 51.17194 ], [ 119.77246, 51.16296 ], [ 119.7668, 51.15998 ], [ 119.75781, 51.15832 ], [ 119.76504, 51.14269 ], [ 119.76147, 51.12849 ], [ 119.75439, 51.11457 ], [ 119.75049, 51.10029 ], [ 119.74795, 51.08369 ], [ 119.74072, 51.07184 ], [ 119.72812, 51.06481 ], [ 119.70996, 51.06269 ], [ 119.70996, 51.0407 ], [ 119.69798, 51.02891 ], [ 119.68286, 51.0163 ], [ 119.60391, 50.97846 ], [ 119.59365, 50.96979 ], [ 119.57285, 50.94606 ], [ 119.51758, 50.90505 ], [ 119.52979, 50.88732 ], [ 119.52783, 50.86701 ], [ 119.51553, 50.84841 ], [ 119.49707, 50.8362 ], [ 119.51377, 50.81359 ], [ 119.51465, 50.79225 ], [ 119.50449, 50.7508 ], [ 119.49648, 50.73732 ], [ 119.45693, 50.69655 ], [ 119.44248, 50.68532 ], [ 119.41758, 50.67658 ], [ 119.40371, 50.67353 ], [ 119.39136, 50.67231 ], [ 119.38281, 50.66686 ], [ 119.37354, 50.64301 ], [ 119.36401, 50.63752 ], [ 119.34863, 50.63496 ], [ 119.34082, 50.62836 ], [ 119.33506, 50.6195 ], [ 119.32588, 50.61022 ], [ 119.31357, 50.60485 ], [ 119.30283, 50.60297 ], [ 119.29321, 50.59943 ], [ 119.28477, 50.58918 ], [ 119.28623, 50.57795 ], [ 119.2644, 50.52028 ], [ 119.26025, 50.51428 ], [ 119.254, 50.50983 ], [ 119.25059, 50.50483 ], [ 119.2542, 50.49726 ], [ 119.25889, 50.49348 ], [ 119.26211, 50.49221 ], [ 119.26392, 50.48981 ], [ 119.2644, 50.48303 ], [ 119.26094, 50.47951 ], [ 119.24326, 50.44575 ], [ 119.21582, 50.42517 ], [ 119.20645, 50.41535 ], [ 119.19824, 50.41335 ], [ 119.16748, 50.41437 ], [ 119.15454, 50.41157 ], [ 119.14639, 50.40449 ], [ 119.14625, 50.40431 ], [ 119.35543, 50.34216 ], [ 119.35635, 50.34101 ], [ 119.36348, 50.31977 ], [ 119.36533, 50.3111 ], [ 119.36206, 50.30439 ], [ 119.3501, 50.30178 ], [ 119.33828, 50.29426 ], [ 119.3335, 50.27643 ], [ 119.33135, 50.2176 ], [ 119.33398, 50.21137 ], [ 119.34326, 50.20246 ], [ 119.34692, 50.19538 ], [ 119.34805, 50.18488 ], [ 119.34365, 50.14269 ], [ 119.3375, 50.12438 ], [ 119.32832, 50.10822 ], [ 119.31592, 50.09289 ], [ 119.30098, 50.08002 ], [ 119.25068, 50.04853 ], [ 119.25043, 50.04831 ], [ 119.09533, 49.97796 ], [ 118.70192, 49.95289 ], [ 118.67031, 49.96235 ], [ 118.64414, 49.95485 ], [ 118.59961, 49.93122 ], [ 118.57031, 49.92101 ], [ 118.5543, 49.91003 ], [ 118.5209, 49.89423 ], [ 118.49766, 49.87702 ], [ 118.49033, 49.86975 ], [ 118.48608, 49.86096 ], [ 118.48071, 49.84272 ], [ 118.47666, 49.83625 ], [ 118.45557, 49.82892 ], [ 118.39355, 49.82026 ], [ 118.38047, 49.81171 ], [ 118.37266, 49.78657 ], [ 118.35327, 49.77673 ], [ 118.32852, 49.77331 ], [ 118.30479, 49.76735 ], [ 118.24146, 49.72944 ], [ 118.2291, 49.72944 ], [ 118.22305, 49.71235 ], [ 118.20776, 49.69567 ], [ 118.18809, 49.68151 ], [ 118.16821, 49.67175 ], [ 118.10596, 49.65204 ], [ 118.08887, 49.64045 ], [ 118.0709, 49.62536 ], [ 118.05459, 49.61433 ], [ 118.0168, 49.59601 ], [ 117.93042, 49.56765 ], [ 117.89355, 49.54689 ], [ 117.79643, 49.58435 ], [ 117.7328, 49.62843 ], [ 117.63408, 49.72638 ], [ 117.57924, 49.77882 ], [ 117.54413, 49.80007 ], [ 117.49148, 49.79724 ], [ 117.34888, 49.7278 ], [ 117.30501, 49.7122 ], [ 117.23261, 49.7122 ], [ 116.85088, 49.86658 ], [ 116.73461, 49.91039 ], [ 116.68854, 49.8793 ], [ 116.6644, 49.83687 ], [ 116.63808, 49.80007 ], [ 116.5942, 49.73063 ], [ 116.54594, 49.64121 ], [ 116.46696, 49.52316 ], [ 116.41431, 49.41195 ], [ 116.39456, 49.36054 ], [ 116.40553, 49.25612 ], [ 116.41211, 49.20885 ], [ 116.40992, 49.15866 ], [ 116.39017, 49.11991 ], [ 116.35288, 49.06675 ], [ 116.29145, 48.97036 ], [ 116.24099, 48.89974 ], [ 116.15543, 48.81891 ], [ 116.06329, 48.74808 ], [ 116.03697, 48.71914 ], [ 115.99528, 48.66556 ], [ 115.94482, 48.62207 ], [ 115.86146, 48.58145 ], [ 115.82416, 48.56403 ], [ 115.78732, 48.51832 ], [ 115.78687, 48.47684 ], [ 115.7737, 48.42446 ], [ 115.78248, 48.34578 ], [ 115.80881, 48.31807 ], [ 115.84829, 48.29181 ], [ 115.90095, 48.25822 ], [ 115.93166, 48.22462 ], [ 115.94702, 48.16905 ], [ 115.92727, 48.15149 ], [ 115.88559, 48.12953 ], [ 115.82636, 48.11781 ], [ 115.78467, 48.11049 ], [ 115.75615, 48.07825 ], [ 115.72544, 48.02986 ], [ 115.71447, 47.97849 ], [ 115.69473, 47.94029 ], [ 115.68156, 47.89177 ], [ 115.67498, 47.84467 ], [ 115.71886, 47.78574 ], [ 115.74738, 47.7297 ], [ 115.78687, 47.67064 ], [ 115.84829, 47.58489 ], [ 115.87681, 47.5464 ], [ 115.91192, 47.52566 ], [ 115.97773, 47.52566 ], [ 116.05013, 47.52863 ], [ 116.10278, 47.51677 ], [ 116.15543, 47.47675 ], [ 116.21905, 47.44561 ], [ 116.32655, 47.40999 ], [ 117.06807, 47.36394 ], [ 117.43444, 47.57009 ], [ 117.56607, 47.64109 ], [ 117.62969, 47.65143 ], [ 117.67357, 47.67655 ], [ 117.71087, 47.70756 ], [ 117.74816, 47.73413 ], [ 117.78765, 47.76068 ], [ 117.82275, 47.80196 ], [ 117.84908, 47.82847 ], [ 117.86444, 47.86087 ], [ 117.87979, 47.88441 ], [ 117.90612, 47.90795 ], [ 117.92806, 47.92559 ], [ 117.9829, 47.94029 ], [ 118.05311, 47.94911 ], [ 118.10576, 47.97849 ], [ 118.14525, 48.01225 ], [ 118.17815, 48.02106 ], [ 118.21764, 48.01519 ], [ 118.27249, 48.00051 ], [ 118.33611, 47.99611 ], [ 118.39096, 48.00051 ], [ 118.44142, 47.99757 ], [ 118.46335, 47.96967 ], [ 118.45239, 47.93441 ], [ 118.448, 47.89618 ], [ 118.48749, 47.87558 ], [ 118.52478, 47.85939 ], [ 118.56208, 47.82847 ], [ 118.56647, 47.78722 ], [ 118.57085, 47.7474 ], [ 118.57085, 47.70313 ], [ 118.59498, 47.66769 ], [ 118.67396, 47.61299 ], [ 118.74417, 47.57009 ], [ 118.81656, 47.53011 ], [ 118.91748, 47.4901 ], [ 118.97671, 47.46044 ], [ 119.11493, 47.41295 ], [ 119.14564, 47.39217 ], [ 119.18952, 47.3684 ], [ 119.22462, 47.34313 ], [ 119.26849, 47.30893 ], [ 119.29701, 47.25982 ], [ 119.28605, 47.22407 ], [ 119.26411, 47.2047 ], [ 119.23339, 47.18979 ], [ 119.20926, 47.16892 ], [ 119.1939, 47.13908 ], [ 119.18513, 47.11968 ], [ 119.15441, 47.08981 ], [ 119.1237, 47.06591 ], [ 119.10615, 47.04797 ], [ 119.10176, 47.01956 ], [ 119.12151, 47.00161 ], [ 119.16538, 46.99413 ], [ 119.20487, 46.98216 ], [ 119.25753, 46.95521 ], [ 119.29701, 46.92825 ], [ 119.3387, 46.90577 ], [ 119.39793, 46.88029 ], [ 119.46594, 46.86229 ], [ 119.49885, 46.84128 ], [ 119.51859, 46.82327 ], [ 119.55589, 46.79775 ], [ 119.58002, 46.7662 ], [ 119.57344, 46.74065 ], [ 119.57344, 46.70756 ], [ 119.5866, 46.66693 ], [ 119.63487, 46.61873 ], [ 119.6568, 46.58557 ], [ 119.67874, 46.53428 ], [ 119.70946, 46.50107 ], [ 119.78405, 46.46028 ], [ 119.8367, 46.40131 ], [ 119.85864, 46.33925 ], [ 119.84986, 46.31198 ], [ 119.83012, 46.2574 ], [ 119.82792, 46.18758 ], [ 119.83012, 46.11463 ], [ 119.85206, 46.04615 ], [ 119.88496, 45.98216 ], [ 119.91348, 45.91504 ], [ 119.90251, 45.87076 ], [ 119.88716, 45.84326 ], [ 119.86741, 45.83103 ], [ 119.83889, 45.83103 ], [ 119.7994, 45.84326 ], [ 119.7643, 45.84784 ], [ 119.72262, 45.83867 ], [ 119.68752, 45.8081 ], [ 119.67436, 45.7775 ], [ 119.64364, 45.73924 ], [ 119.61951, 45.69635 ], [ 119.59976, 45.65956 ], [ 119.55808, 45.62582 ], [ 119.54492, 45.61354 ], [ 119.51859, 45.59973 ], [ 119.49227, 45.58899 ], [ 119.45058, 45.57824 ], [ 119.43742, 45.55827 ], [ 119.43084, 45.53676 ], [ 119.42206, 45.5091 ], [ 119.40451, 45.47988 ], [ 119.35844, 45.46603 ], [ 119.35405, 45.4491 ], [ 119.36722, 45.42293 ], [ 119.36502, 45.39983 ], [ 119.35625, 45.37056 ], [ 119.35625, 45.33972 ], [ 119.39135, 45.33355 ], [ 119.44839, 45.32893 ], [ 119.46375, 45.30424 ], [ 119.45716, 45.24712 ], [ 119.45497, 45.21159 ], [ 119.4462, 45.19149 ], [ 119.42426, 45.18685 ], [ 119.39135, 45.18067 ], [ 119.35405, 45.17448 ], [ 119.32773, 45.1652 ], [ 119.28824, 45.14664 ], [ 119.24875, 45.12962 ], [ 119.1939, 45.12342 ], [ 119.14564, 45.12652 ], [ 119.07982, 45.11723 ], [ 119.03814, 45.08316 ], [ 119.03156, 45.06457 ], [ 119.00962, 45.04907 ], [ 118.98549, 45.03202 ], [ 118.97452, 44.97463 ], [ 119.00962, 44.95134 ], [ 119.04472, 44.92805 ], [ 119.0535, 44.89542 ], [ 119.03814, 44.87055 ], [ 119.01181, 44.84723 ], [ 118.99865, 44.81922 ], [ 119.01181, 44.80054 ], [ 119.02937, 44.77875 ], [ 119.02059, 44.7585 ], [ 118.99646, 44.75383 ], [ 118.94819, 44.74915 ], [ 118.90212, 44.71642 ], [ 118.87141, 44.68836 ], [ 118.82753, 44.62281 ], [ 118.82534, 44.56657 ], [ 118.80779, 44.51341 ], [ 118.74417, 44.45706 ], [ 118.68713, 44.41947 ], [ 118.58182, 44.36617 ], [ 118.52039, 44.30654 ], [ 118.47213, 44.26414 ], [ 118.42387, 44.21541 ], [ 118.3705, 44.1828 ], [ 118.30101, 44.16193 ], [ 118.24287, 44.15248 ], [ 118.199, 44.14697 ], [ 118.18474, 44.1391 ], [ 118.18145, 44.10524 ], [ 118.17779, 44.08745 ], [ 118.19351, 44.04614 ], [ 118.18912, 44.01775 ], [ 118.1979, 43.98303 ], [ 118.21106, 43.95619 ], [ 118.1979, 43.91985 ], [ 118.18035, 43.90247 ], [ 118.13428, 43.90247 ], [ 118.08601, 43.91353 ], [ 118.0553, 43.91669 ], [ 118.00704, 43.91511 ], [ 117.96096, 43.90563 ], [ 117.91051, 43.91037 ], [ 117.84688, 43.91827 ], [ 117.77449, 43.94829 ], [ 117.74377, 43.95303 ], [ 117.71087, 43.96566 ], [ 117.66918, 43.9704 ], [ 117.58501, 43.93435 ], [ 117.54633, 43.93091 ], [ 117.49587, 43.91985 ], [ 117.44541, 43.92459 ], [ 117.40153, 43.93881 ], [ 117.37301, 43.95619 ], [ 117.31378, 43.96408 ], [ 117.26552, 43.95619 ], [ 117.22383, 43.94987 ], [ 117.14924, 43.93881 ], [ 117.08782, 43.92617 ], [ 117.0571, 43.91985 ], [ 117.01981, 43.91669 ], [ 116.97812, 43.91669 ], [ 116.94741, 43.90247 ], [ 116.93863, 43.87085 ], [ 116.95838, 43.84712 ], [ 116.96057, 43.81705 ], [ 116.9496, 43.77429 ], [ 116.93425, 43.73468 ], [ 116.89914, 43.70455 ], [ 116.82236, 43.66172 ], [ 116.76532, 43.6379 ], [ 116.73241, 43.61726 ], [ 116.69951, 43.5839 ], [ 116.67318, 43.54257 ], [ 116.65782, 43.49484 ], [ 116.6315, 43.46141 ], [ 116.58543, 43.43115 ], [ 116.57007, 43.41043 ], [ 116.56349, 43.38493 ], [ 116.52619, 43.34665 ], [ 116.47573, 43.30196 ], [ 116.44977, 43.26685 ], [ 116.40772, 43.22368 ], [ 116.39895, 43.1789 ], [ 116.37701, 43.13249 ], [ 116.32875, 43.10046 ], [ 116.28706, 43.08124 ], [ 116.27171, 43.05239 ], [ 116.2739, 42.977 ], [ 116.26293, 42.90472 ], [ 116.29584, 42.85328 ], [ 116.34191, 42.81789 ], [ 116.38359, 42.79375 ], [ 116.44941, 42.73737 ], [ 116.57446, 42.6874 ], [ 116.60956, 42.64223 ], [ 116.6293, 42.59703 ], [ 116.63808, 42.54533 ], [ 116.65563, 42.50976 ], [ 116.68415, 42.49197 ], [ 116.7368, 42.47579 ], [ 116.76751, 42.40294 ], [ 116.7741, 42.37053 ], [ 116.76751, 42.33972 ], [ 116.74119, 42.31702 ], [ 116.72803, 42.28294 ], [ 116.74338, 42.2456 ], [ 116.75655, 42.21961 ], [ 116.74777, 42.19524 ], [ 116.74996, 42.17573 ], [ 116.7719, 42.15784 ], [ 116.79384, 42.12043 ], [ 116.79165, 42.08787 ], [ 116.78945, 42.02435 ], [ 116.7741, 41.99663 ], [ 116.74558, 41.98196 ], [ 116.72144, 41.99337 ], [ 116.68854, 42.01457 ], [ 116.64905, 42.02923 ], [ 116.59859, 42.0276 ], [ 116.53935, 42.02109 ], [ 116.5, 41.99873 ], [ 116.44063, 41.9738 ], [ 116.37779, 41.94179 ], [ 116.28048, 41.92812 ], [ 116.19053, 41.92159 ], [ 116.11156, 41.91669 ], [ 116.04355, 41.90526 ], [ 116.01283, 41.86933 ], [ 116.00406, 41.83665 ], [ 115.99967, 41.75487 ], [ 115.96896, 41.70576 ], [ 115.90972, 41.68446 ], [ 115.85488, 41.66152 ], [ 115.78687, 41.65168 ], [ 115.67937, 41.62709 ], [ 115.62891, 41.56639 ], [ 115.61794, 41.5007 ], [ 115.60258, 41.41027 ], [ 115.61696, 41.31523 ], [ 115.65766, 41.31835 ], [ 115.68901, 41.35138 ], [ 115.72776, 41.36835 ], [ 115.77567, 41.33514 ], [ 115.7757, 41.33508 ], [ 115.77569, 41.33496 ], [ 115.77576, 41.33488 ], [ 115.77591, 41.3348 ], [ 115.77615, 41.33464 ], [ 115.77609, 41.3344 ], [ 115.77644, 41.3341 ], [ 115.77675, 41.33387 ], [ 115.77697, 41.33368 ], [ 115.77728, 41.33344 ], [ 115.77737, 41.33339 ], [ 115.77776, 41.33308 ], [ 115.77806, 41.33284 ], [ 115.7784, 41.33258 ], [ 115.77857, 41.3324 ], [ 115.77868, 41.33223 ], [ 115.77906, 41.33188 ], [ 115.77931, 41.33166 ], [ 115.77949, 41.33145 ], [ 115.77952, 41.33138 ], [ 115.77983, 41.33136 ], [ 115.78007, 41.33136 ], [ 115.78063, 41.33125 ], [ 115.78081, 41.33126 ], [ 115.78138, 41.3314 ], [ 115.78176, 41.33146 ], [ 115.78192, 41.33144 ], [ 115.78202, 41.33143 ], [ 115.7822, 41.33135 ], [ 115.78234, 41.3312 ], [ 115.78253, 41.33107 ], [ 115.78274, 41.33089 ], [ 115.78302, 41.33072 ], [ 115.7832, 41.33062 ], [ 115.78357, 41.33045 ], [ 115.78385, 41.33034 ], [ 115.78415, 41.33027 ], [ 115.78451, 41.33021 ], [ 115.78471, 41.33018 ], [ 115.78493, 41.33014 ], [ 115.78546, 41.33013 ], [ 115.78573, 41.33015 ], [ 115.78599, 41.33023 ], [ 115.78619, 41.33025 ], [ 115.78643, 41.33024 ], [ 115.78689, 41.33017 ], [ 115.78749, 41.33011 ], [ 115.78785, 41.33008 ], [ 115.78807, 41.33003 ], [ 115.78835, 41.32995 ], [ 115.78847, 41.32993 ], [ 115.7886, 41.32988 ], [ 115.78875, 41.32987 ], [ 115.78886, 41.32992 ], [ 115.78894, 41.32994 ], [ 115.78902, 41.32988 ], [ 115.78907, 41.3298 ], [ 115.78916, 41.32975 ], [ 115.78925, 41.32972 ], [ 115.78937, 41.32966 ], [ 115.7896, 41.32942 ], [ 115.79011, 41.32878 ], [ 115.79024, 41.32854 ], [ 115.79041, 41.32837 ], [ 115.79058, 41.3282 ], [ 115.79074, 41.3281 ], [ 115.79106, 41.32795 ], [ 115.79123, 41.32785 ], [ 115.79147, 41.32761 ], [ 115.79167, 41.32739 ], [ 115.79181, 41.32722 ], [ 115.79201, 41.32711 ], [ 115.79238, 41.32693 ], [ 115.79259, 41.32678 ], [ 115.79268, 41.32669 ], [ 115.79268, 41.32652 ], [ 115.79272, 41.32641 ], [ 115.79286, 41.32621 ], [ 115.79289, 41.32609 ], [ 115.79306, 41.32579 ], [ 115.79311, 41.32561 ], [ 115.79312, 41.32546 ], [ 115.79314, 41.32518 ], [ 115.79319, 41.325 ], [ 115.79327, 41.32478 ], [ 115.79342, 41.32453 ], [ 115.79356, 41.32426 ], [ 115.79364, 41.32409 ], [ 115.79364, 41.32394 ], [ 115.79362, 41.32308 ], [ 115.79364, 41.32283 ], [ 115.79372, 41.32236 ], [ 115.79381, 41.32207 ], [ 115.79388, 41.32187 ], [ 115.79389, 41.32163 ], [ 115.79389, 41.32147 ], [ 115.79382, 41.3213 ], [ 115.79397, 41.32119 ], [ 115.7941, 41.32106 ], [ 115.79416, 41.32093 ], [ 115.79422, 41.32064 ], [ 115.79435, 41.32042 ], [ 115.79445, 41.32013 ], [ 115.79463, 41.3199 ], [ 115.79471, 41.31972 ], [ 115.79491, 41.31912 ], [ 115.79497, 41.31874 ], [ 115.79495, 41.31842 ], [ 115.79481, 41.318 ], [ 115.79479, 41.31789 ], [ 115.7947, 41.31775 ], [ 115.7946, 41.31741 ], [ 115.79474, 41.31732 ], [ 115.79481, 41.31717 ], [ 115.79502, 41.31691 ], [ 115.79504, 41.31677 ], [ 115.79525, 41.31656 ], [ 115.79544, 41.31626 ], [ 115.79564, 41.31604 ], [ 115.79579, 41.31587 ], [ 115.79595, 41.31581 ], [ 115.79605, 41.31567 ], [ 115.79621, 41.31555 ], [ 115.79646, 41.31544 ], [ 115.79679, 41.31529 ], [ 115.7971, 41.3151 ], [ 115.79742, 41.31481 ], [ 115.79773, 41.31448 ], [ 115.79805, 41.31413 ], [ 115.79844, 41.3137 ], [ 115.79867, 41.31341 ], [ 115.79885, 41.31327 ], [ 115.79887, 41.31298 ], [ 115.79892, 41.31274 ], [ 115.79907, 41.31249 ], [ 115.79917, 41.31234 ], [ 115.7992, 41.31202 ], [ 115.79917, 41.31186 ], [ 115.79883, 41.31182 ], [ 115.79857, 41.31177 ], [ 115.79842, 41.3117 ], [ 115.79838, 41.31156 ], [ 115.79836, 41.31143 ], [ 115.79821, 41.3113 ], [ 115.7982, 41.31107 ], [ 115.79809, 41.31093 ], [ 115.79804, 41.31078 ], [ 115.79778, 41.31058 ], [ 115.79758, 41.31034 ], [ 115.79746, 41.31021 ], [ 115.79733, 41.31002 ], [ 115.79746, 41.30987 ], [ 115.79755, 41.3097 ], [ 115.79781, 41.30853 ], [ 115.79783, 41.30811 ], [ 115.79794, 41.3076 ], [ 115.79805, 41.30716 ], [ 115.79825, 41.30674 ], [ 115.79842, 41.30646 ], [ 115.79852, 41.30636 ], [ 115.79887, 41.30616 ], [ 115.7995, 41.30588 ], [ 115.79991, 41.30564 ], [ 115.80004, 41.30558 ], [ 115.80016, 41.30541 ], [ 115.80037, 41.30526 ], [ 115.8005, 41.30512 ], [ 115.80078, 41.30497 ], [ 115.80098, 41.3049 ], [ 115.80105, 41.30474 ], [ 115.80133, 41.30452 ], [ 115.80113, 41.30421 ], [ 115.80116, 41.30407 ], [ 115.80141, 41.30356 ], [ 115.80171, 41.30324 ], [ 115.80192, 41.30314 ], [ 115.80183, 41.3028 ], [ 115.80192, 41.30266 ], [ 115.80227, 41.30239 ], [ 115.80277, 41.30214 ], [ 115.80305, 41.30204 ], [ 115.80347, 41.30197 ], [ 115.80371, 41.30186 ], [ 115.80419, 41.30178 ], [ 115.80437, 41.30166 ], [ 115.80453, 41.30149 ], [ 115.80446, 41.30099 ], [ 115.80436, 41.30053 ], [ 115.80438, 41.30032 ], [ 115.80451, 41.30015 ], [ 115.80478, 41.29996 ], [ 115.80523, 41.29969 ], [ 115.80547, 41.29953 ], [ 115.80553, 41.29933 ], [ 115.80576, 41.29912 ], [ 115.80589, 41.29894 ], [ 115.8061, 41.29856 ], [ 115.80652, 41.29847 ], [ 115.80684, 41.29835 ], [ 115.80691, 41.29817 ], [ 115.80712, 41.29764 ], [ 115.80725, 41.29744 ], [ 115.80748, 41.2972 ], [ 115.80762, 41.29695 ], [ 115.8077, 41.29677 ], [ 115.80783, 41.29653 ], [ 115.808, 41.29627 ], [ 115.80832, 41.29588 ], [ 115.80876, 41.29535 ], [ 115.80907, 41.29495 ], [ 115.80929, 41.29479 ], [ 115.80946, 41.29473 ], [ 115.80983, 41.29466 ], [ 115.81027, 41.29461 ], [ 115.81059, 41.29456 ], [ 115.81086, 41.29444 ], [ 115.81116, 41.29419 ], [ 115.81136, 41.29407 ], [ 115.81149, 41.29402 ], [ 115.81179, 41.29375 ], [ 115.81215, 41.29352 ], [ 115.8125, 41.29329 ], [ 115.81278, 41.29312 ], [ 115.81297, 41.29307 ], [ 115.81324, 41.293 ], [ 115.81339, 41.29291 ], [ 115.81345, 41.29277 ], [ 115.81341, 41.29262 ], [ 115.81346, 41.29247 ], [ 115.81343, 41.29224 ], [ 115.81345, 41.29211 ], [ 115.81351, 41.29197 ], [ 115.81333, 41.29188 ], [ 115.81326, 41.29175 ], [ 115.81328, 41.29163 ], [ 115.81333, 41.29157 ], [ 115.81343, 41.29148 ], [ 115.81352, 41.2913 ], [ 115.81358, 41.29114 ], [ 115.81353, 41.29089 ], [ 115.81362, 41.29055 ], [ 115.81369, 41.29021 ], [ 115.81375, 41.28994 ], [ 115.81384, 41.2897 ], [ 115.814, 41.28943 ], [ 115.81401, 41.28937 ], [ 115.81401, 41.28918 ], [ 115.81405, 41.28909 ], [ 115.8142, 41.28894 ], [ 115.81435, 41.28883 ], [ 115.81444, 41.28874 ], [ 115.81454, 41.28837 ], [ 115.8146, 41.28827 ], [ 115.81453, 41.2881 ], [ 115.81442, 41.28799 ], [ 115.81432, 41.28774 ], [ 115.81438, 41.28764 ], [ 115.81428, 41.28753 ], [ 115.81416, 41.28739 ], [ 115.81413, 41.28729 ], [ 115.81412, 41.28717 ], [ 115.81416, 41.28701 ], [ 115.81423, 41.28686 ], [ 115.81428, 41.28675 ], [ 115.81427, 41.28659 ], [ 115.8143, 41.2865 ], [ 115.81434, 41.28644 ], [ 115.81445, 41.28633 ], [ 115.81449, 41.28625 ], [ 115.81452, 41.28623 ], [ 115.81463, 41.28621 ], [ 115.81466, 41.28616 ], [ 115.81469, 41.28607 ], [ 115.81474, 41.286 ], [ 115.81501, 41.28579 ], [ 115.81518, 41.2857 ], [ 115.81531, 41.28566 ], [ 115.8155, 41.28552 ], [ 115.81561, 41.28543 ], [ 115.81562, 41.28531 ], [ 115.81584, 41.28508 ], [ 115.816, 41.28492 ], [ 115.81614, 41.28472 ], [ 115.81631, 41.28458 ], [ 115.81654, 41.28443 ], [ 115.8167, 41.28432 ], [ 115.81679, 41.28421 ], [ 115.81687, 41.28407 ], [ 115.81697, 41.2838 ], [ 115.81699, 41.28365 ], [ 115.81701, 41.28341 ], [ 115.81709, 41.28322 ], [ 115.81698, 41.28316 ], [ 115.81692, 41.28308 ], [ 115.81686, 41.28294 ], [ 115.81672, 41.28267 ], [ 115.81662, 41.28247 ], [ 115.81654, 41.28227 ], [ 115.81644, 41.28203 ], [ 115.81646, 41.28186 ], [ 115.81648, 41.28162 ], [ 115.8164, 41.28132 ], [ 115.81635, 41.28119 ], [ 115.81637, 41.28093 ], [ 115.81634, 41.28077 ], [ 115.81625, 41.28042 ], [ 115.81614, 41.2801 ], [ 115.81609, 41.27997 ], [ 115.81618, 41.27991 ], [ 115.8164, 41.27984 ], [ 115.81653, 41.27977 ], [ 115.81677, 41.27954 ], [ 115.81702, 41.27933 ], [ 115.81713, 41.2792 ], [ 115.81721, 41.27906 ], [ 115.81723, 41.27885 ], [ 115.81723, 41.27865 ], [ 115.81725, 41.27855 ], [ 115.81735, 41.27838 ], [ 115.8174, 41.27812 ], [ 115.81747, 41.27798 ], [ 115.81763, 41.27778 ], [ 115.81772, 41.27761 ], [ 115.81782, 41.27748 ], [ 115.8179, 41.27738 ], [ 115.81796, 41.27723 ], [ 115.81812, 41.27702 ], [ 115.81818, 41.27687 ], [ 115.81838, 41.27667 ], [ 115.81859, 41.27651 ], [ 115.81873, 41.2764 ], [ 115.81885, 41.27631 ], [ 115.81897, 41.27616 ], [ 115.8191, 41.27603 ], [ 115.81921, 41.27595 ], [ 115.81932, 41.27583 ], [ 115.81952, 41.27562 ], [ 115.81967, 41.27555 ], [ 115.81977, 41.27548 ], [ 115.82017, 41.27532 ], [ 115.82036, 41.27524 ], [ 115.8207, 41.27517 ], [ 115.82092, 41.27511 ], [ 115.82141, 41.27495 ], [ 115.82178, 41.27482 ], [ 115.82224, 41.27467 ], [ 115.8227, 41.27449 ], [ 115.82314, 41.27431 ], [ 115.82348, 41.27419 ], [ 115.82396, 41.27402 ], [ 115.8242, 41.27392 ], [ 115.82474, 41.27369 ], [ 115.82502, 41.27355 ], [ 115.82534, 41.27342 ], [ 115.82556, 41.27334 ], [ 115.82594, 41.27315 ], [ 115.83965, 41.24236 ], [ 115.84355, 41.22664 ], [ 115.85023, 41.20825 ], [ 115.88669, 41.13656 ], [ 115.91192, 41.05472 ], [ 115.94044, 40.99266 ], [ 115.99199, 40.90566 ], [ 116.04245, 40.83018 ], [ 116.0973, 40.74796 ], [ 116.16216, 40.67595 ], [ 116.20017, 40.62377 ], [ 116.21686, 40.61486 ], [ 116.27259, 40.61326 ], [ 116.3101, 40.61237 ], [ 116.36494, 40.60237 ], [ 116.39017, 40.58655 ], [ 116.4154, 40.57738 ], [ 116.44392, 40.58405 ], [ 116.48122, 40.59321 ], [ 116.49548, 40.58905 ], [ 116.50206, 40.57738 ], [ 116.49219, 40.56488 ], [ 116.46915, 40.55072 ], [ 116.44772, 40.52729 ], [ 116.47767, 40.51331 ], [ 116.48341, 40.49986 ], [ 116.47354, 40.48734 ], [ 116.37716, 40.4771 ], [ 116.33862, 40.47066 ], [ 116.28816, 40.46231 ], [ 116.24209, 40.4573 ], [ 116.21138, 40.44645 ], [ 116.18176, 40.43309 ], [ 116.17189, 40.41723 ], [ 116.17737, 40.40136 ], [ 116.20918, 40.39133 ], [ 116.25488, 40.39962 ], [ 116.31468, 40.41828 ], [ 116.37489, 40.43603 ], [ 116.41046, 40.45642 ], [ 116.49897, 40.45473 ], [ 116.61724, 40.44729 ], [ 116.69274, 40.44944 ], [ 116.74009, 40.46815 ], [ 116.76861, 40.49318 ], [ 116.78985, 40.53171 ], [ 116.79507, 40.56115 ], [ 116.82027, 40.60509 ], [ 116.84514, 40.63494 ], [ 116.87615, 40.67477 ], [ 116.91765, 40.69369 ], [ 116.95102, 40.70822 ], [ 117.00116, 40.70224 ], [ 117.056, 40.69642 ], [ 117.14391, 40.69659 ], [ 117.20918, 40.69013 ], [ 117.20951, 40.69026 ], [ 117.20977, 40.6903 ], [ 117.21005, 40.69043 ], [ 117.21041, 40.69055 ], [ 117.21056, 40.69055 ], [ 117.21101, 40.69033 ], [ 117.21109, 40.69028 ], [ 117.21113, 40.69017 ], [ 117.21126, 40.69004 ], [ 117.21135, 40.68995 ], [ 117.2114, 40.68992 ], [ 117.21146, 40.68986 ], [ 117.21155, 40.68979 ], [ 117.21162, 40.68973 ], [ 117.21173, 40.68966 ], [ 117.2119, 40.68958 ], [ 117.21199, 40.68955 ], [ 117.21199, 40.68935 ], [ 117.21196, 40.68919 ], [ 117.21189, 40.68892 ], [ 117.21179, 40.68877 ], [ 117.21174, 40.6885 ], [ 117.21169, 40.68837 ], [ 117.21171, 40.68827 ], [ 117.21171, 40.68811 ], [ 117.21191, 40.68797 ], [ 117.21216, 40.68789 ], [ 117.2125, 40.68788 ], [ 117.21294, 40.68788 ], [ 117.2131, 40.68785 ], [ 117.21332, 40.68778 ], [ 117.21348, 40.68773 ], [ 117.21359, 40.68769 ], [ 117.21375, 40.68764 ], [ 117.21386, 40.68755 ], [ 117.21408, 40.68742 ], [ 117.21426, 40.68731 ], [ 117.21454, 40.68724 ], [ 117.21472, 40.68718 ], [ 117.21482, 40.68707 ], [ 117.21496, 40.68688 ], [ 117.21511, 40.68669 ], [ 117.21552, 40.68645 ], [ 117.21575, 40.68629 ], [ 117.21599, 40.68612 ], [ 117.2162, 40.68604 ], [ 117.21632, 40.686 ], [ 117.21654, 40.68592 ], [ 117.21674, 40.68584 ], [ 117.21709, 40.68566 ], [ 117.21759, 40.68542 ], [ 117.2177, 40.68535 ], [ 117.21791, 40.6852 ], [ 117.21844, 40.68509 ], [ 117.21879, 40.68509 ], [ 117.21922, 40.68515 ], [ 117.2195, 40.68518 ], [ 117.21975, 40.68523 ], [ 117.21995, 40.68521 ], [ 117.21996, 40.68502 ], [ 117.22013, 40.68462 ], [ 117.2202, 40.68447 ], [ 117.22034, 40.68429 ], [ 117.22071, 40.68426 ], [ 117.22097, 40.68418 ], [ 117.22136, 40.68404 ], [ 117.22177, 40.68381 ], [ 117.22185, 40.68368 ], [ 117.22206, 40.68357 ], [ 117.22247, 40.68339 ], [ 117.22269, 40.68332 ], [ 117.22307, 40.68322 ], [ 117.22334, 40.68316 ], [ 117.22371, 40.68313 ], [ 117.22385, 40.68308 ], [ 117.22415, 40.68303 ], [ 117.22436, 40.68296 ], [ 117.22472, 40.68284 ], [ 117.2249, 40.68279 ], [ 117.225, 40.68275 ], [ 117.22519, 40.68268 ], [ 117.22529, 40.68262 ], [ 117.22541, 40.68253 ], [ 117.22552, 40.68246 ], [ 117.2257, 40.68237 ], [ 117.22588, 40.68229 ], [ 117.22613, 40.68222 ], [ 117.22646, 40.68222 ], [ 117.22659, 40.6822 ], [ 117.22672, 40.68214 ], [ 117.22694, 40.68203 ], [ 117.2269, 40.68197 ], [ 117.22686, 40.68189 ], [ 117.22683, 40.68184 ], [ 117.2268, 40.68177 ], [ 117.22676, 40.68165 ], [ 117.22676, 40.68154 ], [ 117.22678, 40.6815 ], [ 117.22681, 40.68134 ], [ 117.22693, 40.6812 ], [ 117.22711, 40.68102 ], [ 117.22719, 40.68093 ], [ 117.22732, 40.68078 ], [ 117.22738, 40.68067 ], [ 117.22749, 40.68055 ], [ 117.22803, 40.68013 ], [ 117.22801, 40.68005 ], [ 117.22801, 40.67999 ], [ 117.22785, 40.67985 ], [ 117.22781, 40.67981 ], [ 117.22775, 40.67967 ], [ 117.22773, 40.67958 ], [ 117.22774, 40.67941 ], [ 117.22776, 40.67926 ], [ 117.22777, 40.67916 ], [ 117.22782, 40.67903 ], [ 117.22803, 40.6788 ], [ 117.22816, 40.6787 ], [ 117.22819, 40.67868 ], [ 117.22828, 40.67861 ], [ 117.22844, 40.67847 ], [ 117.2287, 40.67827 ], [ 117.22896, 40.67803 ], [ 117.22913, 40.67801 ], [ 117.2294, 40.67802 ], [ 117.22959, 40.67807 ], [ 117.22976, 40.67811 ], [ 117.22984, 40.67807 ], [ 117.23012, 40.67794 ], [ 117.23035, 40.67788 ], [ 117.23055, 40.6778 ], [ 117.23055, 40.67765 ], [ 117.23057, 40.67759 ], [ 117.23061, 40.67752 ], [ 117.23088, 40.67733 ], [ 117.2312, 40.67721 ], [ 117.23133, 40.67723 ], [ 117.23162, 40.6773 ], [ 117.23179, 40.6771 ], [ 117.23195, 40.67688 ], [ 117.23206, 40.67682 ], [ 117.23214, 40.67675 ], [ 117.23224, 40.67674 ], [ 117.23238, 40.67672 ], [ 117.23281, 40.67662 ], [ 117.23295, 40.67657 ], [ 117.23302, 40.6765 ], [ 117.23312, 40.6764 ], [ 117.23328, 40.67624 ], [ 117.23338, 40.67614 ], [ 117.23347, 40.67607 ], [ 117.23356, 40.67605 ], [ 117.23367, 40.67607 ], [ 117.23384, 40.67616 ], [ 117.23407, 40.67619 ], [ 117.23425, 40.67617 ], [ 117.23445, 40.67613 ], [ 117.23446, 40.67604 ], [ 117.2345, 40.67591 ], [ 117.23458, 40.67571 ], [ 117.23463, 40.67552 ], [ 117.23461, 40.6753 ], [ 117.23474, 40.67517 ], [ 117.23486, 40.67513 ], [ 117.23499, 40.67511 ], [ 117.23518, 40.67507 ], [ 117.23531, 40.6751 ], [ 117.2355, 40.67515 ], [ 117.2357, 40.67523 ], [ 117.23582, 40.67527 ], [ 117.23601, 40.67527 ], [ 117.23621, 40.67526 ], [ 117.23647, 40.67524 ], [ 117.23659, 40.67523 ], [ 117.23672, 40.67524 ], [ 117.23697, 40.67524 ], [ 117.23726, 40.67523 ], [ 117.23736, 40.67524 ], [ 117.23743, 40.67532 ], [ 117.23751, 40.67538 ], [ 117.23766, 40.67544 ], [ 117.23778, 40.67548 ], [ 117.23792, 40.67552 ], [ 117.23806, 40.67556 ], [ 117.23815, 40.67562 ], [ 117.23825, 40.6757 ], [ 117.23834, 40.67575 ], [ 117.23839, 40.67578 ], [ 117.23854, 40.67585 ], [ 117.23865, 40.67588 ], [ 117.23872, 40.67592 ], [ 117.23888, 40.67598 ], [ 117.23904, 40.67606 ], [ 117.23916, 40.67614 ], [ 117.23933, 40.67621 ], [ 117.23946, 40.67625 ], [ 117.2396, 40.67629 ], [ 117.23973, 40.67632 ], [ 117.23985, 40.67628 ], [ 117.23992, 40.67624 ], [ 117.2401, 40.67617 ], [ 117.24025, 40.67612 ], [ 117.2404, 40.67608 ], [ 117.24052, 40.67608 ], [ 117.2406, 40.67611 ], [ 117.24073, 40.67617 ], [ 117.24082, 40.67621 ], [ 117.24105, 40.67633 ], [ 117.2412, 40.67644 ], [ 117.24132, 40.6765 ], [ 117.24146, 40.67656 ], [ 117.24159, 40.67658 ], [ 117.24186, 40.67663 ], [ 117.24205, 40.67665 ], [ 117.24214, 40.67667 ], [ 117.24224, 40.6767 ], [ 117.24235, 40.67673 ], [ 117.24252, 40.67675 ], [ 117.24263, 40.67677 ], [ 117.24279, 40.67677 ], [ 117.24291, 40.67678 ], [ 117.24306, 40.67678 ], [ 117.24316, 40.67673 ], [ 117.24329, 40.67669 ], [ 117.2435, 40.67655 ], [ 117.24374, 40.67642 ], [ 117.24391, 40.67633 ], [ 117.24397, 40.67634 ], [ 117.24399, 40.67638 ], [ 117.24409, 40.67653 ], [ 117.2442, 40.67665 ], [ 117.2443, 40.6767 ], [ 117.24445, 40.67673 ], [ 117.24458, 40.67674 ], [ 117.2447, 40.67672 ], [ 117.24486, 40.67671 ], [ 117.24503, 40.67678 ], [ 117.24529, 40.67688 ], [ 117.24536, 40.67696 ], [ 117.24547, 40.67713 ], [ 117.24576, 40.67753 ], [ 117.24585, 40.67754 ], [ 117.24601, 40.6775 ], [ 117.24616, 40.67748 ], [ 117.24657, 40.67742 ], [ 117.24685, 40.67739 ], [ 117.24691, 40.67741 ], [ 117.24705, 40.67749 ], [ 117.24726, 40.67758 ], [ 117.24749, 40.67772 ], [ 117.24766, 40.67777 ], [ 117.24783, 40.67778 ], [ 117.24796, 40.67777 ], [ 117.24807, 40.67778 ], [ 117.24814, 40.67779 ], [ 117.24839, 40.67783 ], [ 117.24875, 40.67793 ], [ 117.24891, 40.67793 ], [ 117.24932, 40.67791 ], [ 117.24957, 40.67788 ], [ 117.2496, 40.67788 ], [ 117.2498, 40.67786 ], [ 117.24996, 40.67786 ], [ 117.25015, 40.67786 ], [ 117.25026, 40.6779 ], [ 117.25037, 40.67797 ], [ 117.25048, 40.67807 ], [ 117.25058, 40.6782 ], [ 117.25063, 40.67827 ], [ 117.25067, 40.67835 ], [ 117.25069, 40.67844 ], [ 117.25078, 40.67866 ], [ 117.2508, 40.67879 ], [ 117.25085, 40.67886 ], [ 117.2509, 40.67893 ], [ 117.25094, 40.67898 ], [ 117.25098, 40.67901 ], [ 117.25102, 40.67905 ], [ 117.25107, 40.67905 ], [ 117.2512, 40.67904 ], [ 117.25128, 40.67902 ], [ 117.25134, 40.67903 ], [ 117.25157, 40.67914 ], [ 117.25168, 40.67918 ], [ 117.25178, 40.67924 ], [ 117.25191, 40.67936 ], [ 117.25207, 40.67959 ], [ 117.25224, 40.67972 ], [ 117.2525, 40.67987 ], [ 117.25267, 40.67992 ], [ 117.25286, 40.68001 ], [ 117.25305, 40.67993 ], [ 117.25322, 40.6798 ], [ 117.25339, 40.67966 ], [ 117.25358, 40.67962 ], [ 117.25378, 40.6796 ], [ 117.25426, 40.67968 ], [ 117.25458, 40.67972 ], [ 117.25496, 40.67971 ], [ 117.25503, 40.67959 ], [ 117.25519, 40.67944 ], [ 117.25572, 40.67903 ], [ 117.25574, 40.67893 ], [ 117.25576, 40.67883 ], [ 117.25592, 40.67857 ], [ 117.25609, 40.67838 ], [ 117.25628, 40.67827 ], [ 117.25648, 40.6781 ], [ 117.25664, 40.67801 ], [ 117.257, 40.67777 ], [ 117.25715, 40.67766 ], [ 117.2576, 40.67753 ], [ 117.25776, 40.67744 ], [ 117.25803, 40.67731 ], [ 117.25812, 40.67725 ], [ 117.2582, 40.67718 ], [ 117.25827, 40.67706 ], [ 117.25836, 40.67695 ], [ 117.25843, 40.67682 ], [ 117.25856, 40.67668 ], [ 117.25867, 40.67663 ], [ 117.2587, 40.67661 ], [ 117.2592, 40.67642 ], [ 117.25931, 40.67635 ], [ 117.2595, 40.67617 ], [ 117.25972, 40.67605 ], [ 117.25989, 40.67592 ], [ 117.25998, 40.67586 ], [ 117.26026, 40.67567 ], [ 117.26068, 40.6755 ], [ 117.26105, 40.67531 ], [ 117.26131, 40.67513 ], [ 117.26146, 40.67498 ], [ 117.26165, 40.67457 ], [ 117.26182, 40.67419 ], [ 117.26211, 40.67397 ], [ 117.26242, 40.67377 ], [ 117.26252, 40.67368 ], [ 117.26265, 40.67361 ], [ 117.26275, 40.67354 ], [ 117.26283, 40.67341 ], [ 117.26289, 40.67327 ], [ 117.26315, 40.67289 ], [ 117.2632, 40.67282 ], [ 117.26334, 40.67265 ], [ 117.26342, 40.67246 ], [ 117.26367, 40.67212 ], [ 117.26384, 40.67194 ], [ 117.2642, 40.6716 ], [ 117.26491, 40.67078 ], [ 117.26527, 40.67045 ], [ 117.26538, 40.67035 ], [ 117.26546, 40.67019 ], [ 117.26552, 40.67008 ], [ 117.26561, 40.66997 ], [ 117.26577, 40.66979 ], [ 117.26599, 40.66965 ], [ 117.2664, 40.66927 ], [ 117.26648, 40.66922 ], [ 117.26649, 40.66918 ], [ 117.26654, 40.66903 ], [ 117.26661, 40.66892 ], [ 117.26671, 40.66875 ], [ 117.26675, 40.66864 ], [ 117.26692, 40.66853 ], [ 117.26723, 40.66849 ], [ 117.26751, 40.66843 ], [ 117.26778, 40.66837 ], [ 117.26796, 40.66834 ], [ 117.26848, 40.66819 ], [ 117.26882, 40.66814 ], [ 117.26901, 40.66803 ], [ 117.26904, 40.66796 ], [ 117.26913, 40.66784 ], [ 117.26945, 40.6678 ], [ 117.26986, 40.66767 ], [ 117.27011, 40.66763 ], [ 117.27029, 40.66759 ], [ 117.27038, 40.66758 ], [ 117.27047, 40.66742 ], [ 117.27053, 40.66734 ], [ 117.2707, 40.66722 ], [ 117.27084, 40.66711 ], [ 117.27103, 40.66702 ], [ 117.2712, 40.66699 ], [ 117.27131, 40.66694 ], [ 117.27144, 40.66688 ], [ 117.27154, 40.66686 ], [ 117.27164, 40.66665 ], [ 117.27176, 40.66644 ], [ 117.27195, 40.66625 ], [ 117.27219, 40.6661 ], [ 117.27212, 40.66585 ], [ 117.27197, 40.66565 ], [ 117.27182, 40.66529 ], [ 117.27164, 40.66479 ], [ 117.27159, 40.6645 ], [ 117.33003, 40.66555 ], [ 117.39227, 40.68275 ], [ 117.4762, 40.67717 ], [ 117.47638, 40.67709 ], [ 117.47652, 40.67701 ], [ 117.47667, 40.67685 ], [ 117.47676, 40.67672 ], [ 117.47688, 40.67663 ], [ 117.47711, 40.67651 ], [ 117.47734, 40.67636 ], [ 117.4775, 40.67623 ], [ 117.47768, 40.6761 ], [ 117.47781, 40.67604 ], [ 117.478, 40.67597 ], [ 117.47817, 40.67587 ], [ 117.47834, 40.67579 ], [ 117.47863, 40.6758 ], [ 117.47877, 40.67591 ], [ 117.47889, 40.67592 ], [ 117.47905, 40.6759 ], [ 117.47915, 40.67585 ], [ 117.47931, 40.6758 ], [ 117.47956, 40.67575 ], [ 117.47971, 40.67571 ], [ 117.47978, 40.6756 ], [ 117.47988, 40.67553 ], [ 117.48003, 40.67548 ], [ 117.48008, 40.67538 ], [ 117.48002, 40.67524 ], [ 117.48003, 40.67516 ], [ 117.48013, 40.67512 ], [ 117.48033, 40.67509 ], [ 117.48054, 40.67503 ], [ 117.48076, 40.67502 ], [ 117.48093, 40.67507 ], [ 117.48111, 40.67508 ], [ 117.48127, 40.6751 ], [ 117.48148, 40.67511 ], [ 117.4819, 40.67512 ], [ 117.48203, 40.67509 ], [ 117.48214, 40.67498 ], [ 117.48222, 40.67489 ], [ 117.4823, 40.67486 ], [ 117.48241, 40.67489 ], [ 117.48259, 40.67499 ], [ 117.48278, 40.67489 ], [ 117.48287, 40.67482 ], [ 117.48299, 40.67466 ], [ 117.48308, 40.67457 ], [ 117.4832, 40.67453 ], [ 117.48338, 40.67452 ], [ 117.48348, 40.67449 ], [ 117.48371, 40.67429 ], [ 117.48387, 40.67413 ], [ 117.48402, 40.67406 ], [ 117.48411, 40.67406 ], [ 117.48427, 40.67417 ], [ 117.48441, 40.67428 ], [ 117.48462, 40.67417 ], [ 117.48478, 40.67409 ], [ 117.48498, 40.67403 ], [ 117.48535, 40.674 ], [ 117.48552, 40.67397 ], [ 117.48593, 40.67395 ], [ 117.48617, 40.67393 ], [ 117.48644, 40.67387 ], [ 117.48659, 40.67384 ], [ 117.48684, 40.67372 ], [ 117.48702, 40.67361 ], [ 117.48718, 40.67348 ], [ 117.48724, 40.67339 ], [ 117.48725, 40.67327 ], [ 117.48725, 40.67317 ], [ 117.48753, 40.67308 ], [ 117.48771, 40.67306 ], [ 117.48783, 40.67308 ], [ 117.48807, 40.67319 ], [ 117.48823, 40.67331 ], [ 117.48833, 40.67336 ], [ 117.48851, 40.67335 ], [ 117.48874, 40.67332 ], [ 117.48903, 40.67331 ], [ 117.48944, 40.6734 ], [ 117.48984, 40.67352 ], [ 117.49005, 40.67363 ], [ 117.49006, 40.67353 ], [ 117.49, 40.67339 ], [ 117.48984, 40.67313 ], [ 117.48976, 40.67297 ], [ 117.48972, 40.67276 ], [ 117.48974, 40.67263 ], [ 117.4898, 40.67248 ], [ 117.4899, 40.67242 ], [ 117.49003, 40.67236 ], [ 117.4901, 40.6723 ], [ 117.49021, 40.6723 ], [ 117.49035, 40.67233 ], [ 117.49049, 40.67231 ], [ 117.49066, 40.67226 ], [ 117.49093, 40.672 ], [ 117.49112, 40.67178 ], [ 117.49123, 40.67163 ], [ 117.49136, 40.67158 ], [ 117.49142, 40.67152 ], [ 117.49145, 40.67135 ], [ 117.49156, 40.67126 ], [ 117.49169, 40.67122 ], [ 117.49187, 40.67116 ], [ 117.49207, 40.67108 ], [ 117.49225, 40.67104 ], [ 117.49238, 40.67109 ], [ 117.49251, 40.67117 ], [ 117.49264, 40.6711 ], [ 117.49271, 40.67101 ], [ 117.49278, 40.67091 ], [ 117.49295, 40.67074 ], [ 117.4931, 40.67057 ], [ 117.49332, 40.6704 ], [ 117.49346, 40.67027 ], [ 117.49352, 40.67019 ], [ 117.49356, 40.67008 ], [ 117.49368, 40.6699 ], [ 117.49374, 40.66978 ], [ 117.49378, 40.66946 ], [ 117.49381, 40.66937 ], [ 117.49381, 40.66927 ], [ 117.49377, 40.66914 ], [ 117.4938, 40.66905 ], [ 117.49387, 40.66901 ], [ 117.49403, 40.66895 ], [ 117.49442, 40.66887 ], [ 117.49457, 40.66877 ], [ 117.49469, 40.66876 ], [ 117.49477, 40.66877 ], [ 117.49488, 40.66882 ], [ 117.49497, 40.66878 ], [ 117.49543, 40.66874 ], [ 117.49601, 40.66872 ], [ 117.49637, 40.66868 ], [ 117.49658, 40.66867 ], [ 117.49672, 40.66865 ], [ 117.49683, 40.66854 ], [ 117.4969, 40.66843 ], [ 117.49695, 40.66829 ], [ 117.49701, 40.66808 ], [ 117.49706, 40.66798 ], [ 117.49708, 40.66778 ], [ 117.49717, 40.66767 ], [ 117.49724, 40.66751 ], [ 117.49731, 40.66741 ], [ 117.49738, 40.6673 ], [ 117.49746, 40.66725 ], [ 117.49753, 40.66719 ], [ 117.49761, 40.66704 ], [ 117.49771, 40.66685 ], [ 117.49779, 40.66666 ], [ 117.49782, 40.66635 ], [ 117.4979, 40.66603 ], [ 117.49799, 40.66567 ], [ 117.49804, 40.66561 ], [ 117.49818, 40.66561 ], [ 117.49836, 40.66565 ], [ 117.49855, 40.66567 ], [ 117.49882, 40.66567 ], [ 117.49905, 40.6657 ], [ 117.49917, 40.66575 ], [ 117.49936, 40.66585 ], [ 117.49942, 40.66591 ], [ 117.49947, 40.66601 ], [ 117.49955, 40.66607 ], [ 117.49962, 40.66611 ], [ 117.49981, 40.66597 ], [ 117.50001, 40.66583 ], [ 117.50025, 40.66573 ], [ 117.50037, 40.66566 ], [ 117.50056, 40.66555 ], [ 117.5017, 40.66502 ], [ 117.5012, 40.65255 ], [ 117.4576, 40.63648 ], [ 117.41175, 40.61916 ], [ 117.34433, 40.60318 ], [ 117.27868, 40.58738 ], [ 117.22383, 40.56405 ], [ 117.18983, 40.52154 ], [ 117.17996, 40.48067 ], [ 117.1997, 40.43476 ], [ 117.21221, 40.35704 ], [ 117.16654, 40.31137 ], [ 117.17795, 40.25531 ], [ 117.22712, 40.22822 ], [ 117.29075, 40.23409 ], [ 117.35464, 40.23129 ], [ 117.41689, 40.21147 ], [ 117.49278, 40.20749 ], [ 117.62069, 40.20517 ], [ 117.68429, 40.23573 ], [ 117.83141, 40.26294 ], [ 117.952, 40.2844 ], [ 118.04174, 40.31142 ], [ 118.0926, 40.32865 ], [ 118.13647, 40.36292 ], [ 118.17387, 40.40458 ], [ 118.21436, 40.41597 ], [ 118.27188, 40.42282 ], [ 118.32985, 40.42458 ], [ 118.39604, 40.41529 ], [ 118.4406, 40.4097 ], [ 118.50513, 40.40166 ], [ 118.53739, 40.41718 ], [ 118.55312, 40.39233 ], [ 118.55306, 40.39224 ], [ 118.55292, 40.39211 ], [ 118.55272, 40.39186 ], [ 118.55254, 40.39167 ], [ 118.55229, 40.39149 ], [ 118.55219, 40.39132 ], [ 118.55209, 40.39122 ], [ 118.55202, 40.39061 ], [ 118.55178, 40.39024 ], [ 118.55161, 40.38998 ], [ 118.55139, 40.38969 ], [ 118.55123, 40.38943 ], [ 118.55114, 40.38926 ], [ 118.55111, 40.38914 ], [ 118.55103, 40.38907 ], [ 118.55085, 40.38888 ], [ 118.55068, 40.38862 ], [ 118.55051, 40.38834 ], [ 118.55021, 40.3881 ], [ 118.55017, 40.38798 ], [ 118.55012, 40.38795 ], [ 118.55004, 40.38794 ], [ 118.54967, 40.38766 ], [ 118.54949, 40.38749 ], [ 118.54934, 40.38727 ], [ 118.54928, 40.38714 ], [ 118.54919, 40.38703 ], [ 118.54899, 40.3869 ], [ 118.54882, 40.38684 ], [ 118.54867, 40.38683 ], [ 118.54851, 40.38681 ], [ 118.54834, 40.38676 ], [ 118.54818, 40.38664 ], [ 118.54805, 40.38648 ], [ 118.54797, 40.3864 ], [ 118.54788, 40.38634 ], [ 118.54767, 40.38613 ], [ 118.5475, 40.38601 ], [ 118.54722, 40.38583 ], [ 118.5471, 40.3857 ], [ 118.54691, 40.38552 ], [ 118.54682, 40.38547 ], [ 118.54651, 40.38535 ], [ 118.54625, 40.38528 ], [ 118.54595, 40.38523 ], [ 118.54574, 40.38514 ], [ 118.54549, 40.38499 ], [ 118.54539, 40.38485 ], [ 118.54535, 40.38479 ], [ 118.54532, 40.38465 ], [ 118.54524, 40.38455 ], [ 118.54514, 40.38443 ], [ 118.54478, 40.38424 ], [ 118.54471, 40.38418 ], [ 118.54461, 40.38406 ], [ 118.54453, 40.38393 ], [ 118.54443, 40.38383 ], [ 118.5443, 40.38377 ], [ 118.54413, 40.38372 ], [ 118.54392, 40.38359 ], [ 118.54387, 40.38358 ], [ 118.54365, 40.38358 ], [ 118.54339, 40.38355 ], [ 118.54329, 40.38352 ], [ 118.54307, 40.38343 ], [ 118.54268, 40.38323 ], [ 118.54254, 40.38318 ], [ 118.54238, 40.38308 ], [ 118.54196, 40.38282 ], [ 118.54137, 40.38251 ], [ 118.5413, 40.38251 ], [ 118.54123, 40.38249 ], [ 118.54102, 40.38242 ], [ 118.54086, 40.3824 ], [ 118.54075, 40.3824 ], [ 118.54069, 40.3824 ], [ 118.54058, 40.38234 ], [ 118.54048, 40.38232 ], [ 118.54035, 40.38233 ], [ 118.54003, 40.38239 ], [ 118.53993, 40.38239 ], [ 118.53969, 40.38237 ], [ 118.53956, 40.38234 ], [ 118.53906, 40.38225 ], [ 118.53888, 40.38219 ], [ 118.53879, 40.38216 ], [ 118.53866, 40.38208 ], [ 118.53832, 40.38198 ], [ 118.53804, 40.38188 ], [ 118.53773, 40.38174 ], [ 118.53384, 40.36159 ], [ 118.55221, 40.33366 ], [ 118.55879, 40.30104 ], [ 118.58637, 40.26228 ], [ 118.6115, 40.25349 ], [ 118.61154, 40.25345 ], [ 118.61157, 40.25337 ], [ 118.61162, 40.25329 ], [ 118.61169, 40.2532 ], [ 118.61184, 40.25305 ], [ 118.61205, 40.25282 ], [ 118.61214, 40.25276 ], [ 118.61221, 40.25271 ], [ 118.61238, 40.25265 ], [ 118.61253, 40.25261 ], [ 118.61276, 40.25259 ], [ 118.61301, 40.25255 ], [ 118.61319, 40.25251 ], [ 118.61333, 40.25246 ], [ 118.61349, 40.2524 ], [ 118.6137, 40.25231 ], [ 118.61374, 40.2523 ], [ 118.61381, 40.2523 ], [ 118.61391, 40.25233 ], [ 118.61401, 40.25237 ], [ 118.61413, 40.25242 ], [ 118.61421, 40.25242 ], [ 118.6144, 40.25241 ], [ 118.61453, 40.25239 ], [ 118.61473, 40.25238 ], [ 118.61503, 40.25234 ], [ 118.6151, 40.25234 ], [ 118.61517, 40.25235 ], [ 118.61522, 40.25237 ], [ 118.61533, 40.25245 ], [ 118.61551, 40.25258 ], [ 118.6157, 40.25275 ], [ 118.61587, 40.25288 ], [ 118.61595, 40.25292 ], [ 118.61599, 40.25297 ], [ 118.61609, 40.25305 ], [ 118.61619, 40.25318 ], [ 118.61619, 40.25322 ], [ 118.61615, 40.25325 ], [ 118.61617, 40.25328 ], [ 118.61622, 40.25329 ], [ 118.61625, 40.25327 ], [ 118.61633, 40.25326 ], [ 118.61641, 40.25326 ], [ 118.61666, 40.25325 ], [ 118.6167, 40.25323 ], [ 118.61678, 40.25322 ], [ 118.61685, 40.25321 ], [ 118.61694, 40.25322 ], [ 118.61701, 40.25321 ], [ 118.61703, 40.25319 ], [ 118.61713, 40.2531 ], [ 118.61718, 40.25307 ], [ 118.61734, 40.253 ], [ 118.61741, 40.25294 ], [ 118.61748, 40.25288 ], [ 118.61757, 40.25281 ], [ 118.61766, 40.25267 ], [ 118.61775, 40.25255 ], [ 118.61788, 40.25249 ], [ 118.61804, 40.25241 ], [ 118.61817, 40.25234 ], [ 118.61821, 40.25229 ], [ 118.61826, 40.2522 ], [ 118.61835, 40.25213 ], [ 118.6185, 40.25212 ], [ 118.61858, 40.25207 ], [ 118.61864, 40.25198 ], [ 118.61875, 40.25196 ], [ 118.61891, 40.25193 ], [ 118.61899, 40.25189 ], [ 118.61904, 40.25187 ], [ 118.61908, 40.25186 ], [ 118.61917, 40.25187 ], [ 118.61923, 40.25191 ], [ 118.61932, 40.25182 ], [ 118.6195, 40.25183 ], [ 118.61958, 40.25183 ], [ 118.61966, 40.25185 ], [ 118.61971, 40.2519 ], [ 118.61984, 40.25191 ], [ 118.61996, 40.25194 ], [ 118.62011, 40.25189 ], [ 118.62021, 40.25185 ], [ 118.62038, 40.25185 ], [ 118.62049, 40.25185 ], [ 118.62052, 40.25182 ], [ 118.62065, 40.25176 ], [ 118.62074, 40.25172 ], [ 118.62096, 40.25164 ], [ 118.62105, 40.2516 ], [ 118.62111, 40.25155 ], [ 118.62117, 40.25151 ], [ 118.62123, 40.25148 ], [ 118.62127, 40.25147 ], [ 118.62133, 40.25148 ], [ 118.62138, 40.25146 ], [ 118.62144, 40.25143 ], [ 118.62155, 40.25141 ], [ 118.62162, 40.25141 ], [ 118.62166, 40.25142 ], [ 118.62169, 40.25144 ], [ 118.62173, 40.25149 ], [ 118.62182, 40.25152 ], [ 118.62187, 40.25154 ], [ 118.6219, 40.25159 ], [ 118.62195, 40.25163 ], [ 118.62203, 40.25167 ], [ 118.62208, 40.25171 ], [ 118.62213, 40.25177 ], [ 118.62216, 40.25184 ], [ 118.6222, 40.25191 ], [ 118.62224, 40.25196 ], [ 118.62233, 40.252 ], [ 118.62242, 40.25206 ], [ 118.62249, 40.25211 ], [ 118.62264, 40.25224 ], [ 118.62268, 40.25226 ], [ 118.62274, 40.25228 ], [ 118.62278, 40.25231 ], [ 118.62282, 40.25234 ], [ 118.62283, 40.25237 ], [ 118.62287, 40.25243 ], [ 118.62297, 40.25253 ], [ 118.62304, 40.25257 ], [ 118.62325, 40.25244 ], [ 118.62344, 40.25235 ], [ 118.6235, 40.25231 ], [ 118.62356, 40.25223 ], [ 118.62363, 40.25215 ], [ 118.62363, 40.25211 ], [ 118.62364, 40.25207 ], [ 118.6237, 40.25201 ], [ 118.62376, 40.25199 ], [ 118.6239, 40.25192 ], [ 118.624, 40.25185 ], [ 118.62409, 40.25174 ], [ 118.62414, 40.25171 ], [ 118.62423, 40.25164 ], [ 118.62437, 40.25155 ], [ 118.62448, 40.25143 ], [ 118.6245, 40.25138 ], [ 118.62451, 40.25129 ], [ 118.62458, 40.25106 ], [ 118.6246, 40.251 ], [ 118.62468, 40.25089 ], [ 118.62474, 40.25083 ], [ 118.6248, 40.25078 ], [ 118.62485, 40.25077 ], [ 118.62489, 40.25078 ], [ 118.62494, 40.25081 ], [ 118.62503, 40.25085 ], [ 118.62535, 40.2509 ], [ 118.62546, 40.25092 ], [ 118.62559, 40.25093 ], [ 118.62573, 40.25094 ], [ 118.62594, 40.25097 ], [ 118.62605, 40.25099 ], [ 118.62641, 40.251 ], [ 118.6267, 40.25103 ], [ 118.62688, 40.25105 ], [ 118.62712, 40.25104 ], [ 118.62723, 40.25111 ], [ 118.62728, 40.25112 ], [ 118.62737, 40.25113 ], [ 118.62745, 40.25117 ], [ 118.62751, 40.2512 ], [ 118.62754, 40.25125 ], [ 118.62769, 40.25135 ], [ 118.62778, 40.2514 ], [ 118.62792, 40.25148 ], [ 118.62795, 40.25151 ], [ 118.62799, 40.25153 ], [ 118.62809, 40.25156 ], [ 118.62819, 40.25158 ], [ 118.62825, 40.25158 ], [ 118.62831, 40.25157 ], [ 118.62838, 40.25154 ], [ 118.62851, 40.25147 ], [ 118.62873, 40.25139 ], [ 118.62892, 40.25131 ], [ 118.62905, 40.25127 ], [ 118.62914, 40.25126 ], [ 118.62923, 40.25124 ], [ 118.62932, 40.25124 ], [ 118.62945, 40.25127 ], [ 118.62969, 40.25129 ], [ 118.62984, 40.25132 ], [ 118.62994, 40.25131 ], [ 118.63023, 40.25127 ], [ 118.63031, 40.25123 ], [ 118.63041, 40.25119 ], [ 118.63052, 40.25113 ], [ 118.63068, 40.25102 ], [ 118.63076, 40.25098 ], [ 118.63087, 40.25095 ], [ 118.63101, 40.25093 ], [ 118.6311, 40.25093 ], [ 118.63123, 40.25094 ], [ 118.63164, 40.25098 ], [ 118.63174, 40.25099 ], [ 118.63199, 40.25099 ], [ 118.63232, 40.25098 ], [ 118.63249, 40.25096 ], [ 118.66612, 40.23716 ], [ 118.66611, 40.23727 ], [ 118.66607, 40.23739 ], [ 118.66594, 40.23744 ], [ 118.66589, 40.23748 ], [ 118.66581, 40.23751 ], [ 118.66577, 40.23755 ], [ 118.66563, 40.2376 ], [ 118.66556, 40.23765 ], [ 118.66547, 40.23774 ], [ 118.66538, 40.23779 ], [ 118.66527, 40.23784 ], [ 118.6651, 40.23796 ], [ 118.66501, 40.23799 ], [ 118.66489, 40.2381 ], [ 118.66476, 40.23823 ], [ 118.66466, 40.23833 ], [ 118.66456, 40.23838 ], [ 118.66444, 40.23843 ], [ 118.66441, 40.23846 ], [ 118.66436, 40.23852 ], [ 118.66433, 40.23862 ], [ 118.66431, 40.2387 ], [ 118.66423, 40.23873 ], [ 118.66411, 40.23882 ], [ 118.66397, 40.23896 ], [ 118.66382, 40.239 ], [ 118.66354, 40.23905 ], [ 118.6632, 40.2391 ], [ 118.66294, 40.23913 ], [ 118.66283, 40.23911 ], [ 118.66271, 40.23913 ], [ 118.66209, 40.23929 ], [ 118.66199, 40.23933 ], [ 118.66186, 40.23934 ], [ 118.66176, 40.23932 ], [ 118.66167, 40.2393 ], [ 118.66163, 40.23931 ], [ 118.66159, 40.23933 ], [ 118.66151, 40.23947 ], [ 118.66147, 40.23956 ], [ 118.66143, 40.23961 ], [ 118.66138, 40.23967 ], [ 118.66134, 40.23971 ], [ 118.66129, 40.2398 ], [ 118.66126, 40.23986 ], [ 118.66123, 40.23992 ], [ 118.6612, 40.23995 ], [ 118.66114, 40.24003 ], [ 118.66097, 40.24019 ], [ 118.66087, 40.24031 ], [ 118.66078, 40.24043 ], [ 118.66078, 40.24052 ], [ 118.66078, 40.24058 ], [ 118.66078, 40.24065 ], [ 118.66071, 40.24074 ], [ 118.66068, 40.24084 ], [ 118.66065, 40.24096 ], [ 118.66064, 40.24106 ], [ 118.66064, 40.24113 ], [ 118.66068, 40.24128 ], [ 118.66072, 40.24138 ], [ 118.6608, 40.24151 ], [ 118.66079, 40.24156 ], [ 118.66066, 40.2416 ], [ 118.66044, 40.24169 ], [ 118.66041, 40.24172 ], [ 118.66037, 40.24178 ], [ 118.66026, 40.24187 ], [ 118.66021, 40.24199 ], [ 118.66019, 40.24204 ], [ 118.65996, 40.24216 ], [ 118.6599, 40.24218 ], [ 118.65981, 40.24221 ], [ 118.65975, 40.24223 ], [ 118.65972, 40.24233 ], [ 118.65966, 40.24246 ], [ 118.65965, 40.24251 ], [ 118.65967, 40.2426 ], [ 118.65958, 40.24276 ], [ 118.65951, 40.24286 ], [ 118.6594, 40.24296 ], [ 118.65924, 40.24309 ], [ 118.65913, 40.24316 ], [ 118.65904, 40.2432 ], [ 118.65893, 40.24327 ], [ 118.65893, 40.24347 ], [ 118.65895, 40.24354 ], [ 118.65896, 40.24361 ], [ 118.65896, 40.24367 ], [ 118.65899, 40.24374 ], [ 118.659, 40.24384 ], [ 118.65895, 40.24396 ], [ 118.65893, 40.24408 ], [ 118.6589, 40.24413 ], [ 118.65884, 40.24419 ], [ 118.65882, 40.24425 ], [ 118.6588, 40.24432 ], [ 118.65882, 40.24436 ], [ 118.65887, 40.24441 ], [ 118.65886, 40.24446 ], [ 118.65873, 40.24471 ], [ 118.65867, 40.24481 ], [ 118.65855, 40.2449 ], [ 118.65843, 40.24502 ], [ 118.65832, 40.24515 ], [ 118.65828, 40.24522 ], [ 118.65819, 40.24528 ], [ 118.65812, 40.24532 ], [ 118.6581, 40.24537 ], [ 118.65808, 40.24542 ], [ 118.65797, 40.24541 ], [ 118.65783, 40.24543 ], [ 118.65772, 40.24542 ], [ 118.65763, 40.2454 ], [ 118.65755, 40.24539 ], [ 118.65736, 40.24542 ], [ 118.65725, 40.24545 ], [ 118.65718, 40.2455 ], [ 118.65701, 40.24559 ], [ 118.65694, 40.24561 ], [ 118.65684, 40.24566 ], [ 118.65683, 40.24568 ], [ 118.65668, 40.24577 ], [ 118.65661, 40.2458 ], [ 118.65627, 40.24585 ], [ 118.65607, 40.24587 ], [ 118.65599, 40.24591 ], [ 118.65588, 40.24592 ], [ 118.65581, 40.24594 ], [ 118.65573, 40.246 ], [ 118.6556, 40.24602 ], [ 118.65541, 40.24604 ], [ 118.6554, 40.24611 ], [ 118.65532, 40.24612 ], [ 118.65526, 40.24613 ], [ 118.65522, 40.24611 ], [ 118.65511, 40.24609 ], [ 118.65503, 40.24607 ], [ 118.65469, 40.24603 ], [ 118.65445, 40.24599 ], [ 118.65428, 40.246 ], [ 118.65406, 40.24599 ], [ 118.65383, 40.24597 ], [ 118.65372, 40.24592 ], [ 118.65383, 40.24597 ], [ 118.65406, 40.24599 ], [ 118.65428, 40.246 ], [ 118.65445, 40.24599 ], [ 118.65469, 40.24603 ], [ 118.65503, 40.24607 ], [ 118.65511, 40.24609 ], [ 118.65522, 40.24611 ], [ 118.65526, 40.24613 ], [ 118.65532, 40.24612 ], [ 118.6554, 40.24611 ], [ 118.65541, 40.24604 ], [ 118.6556, 40.24602 ], [ 118.65573, 40.246 ], [ 118.65581, 40.24594 ], [ 118.65588, 40.24592 ], [ 118.65599, 40.24591 ], [ 118.65607, 40.24587 ], [ 118.65627, 40.24585 ], [ 118.65661, 40.2458 ], [ 118.65668, 40.24577 ], [ 118.65683, 40.24568 ], [ 118.65684, 40.24566 ], [ 118.65694, 40.24561 ], [ 118.65701, 40.24559 ], [ 118.65718, 40.2455 ], [ 118.65725, 40.24545 ], [ 118.65736, 40.24542 ], [ 118.65755, 40.24539 ], [ 118.65763, 40.2454 ], [ 118.65772, 40.24542 ], [ 118.65783, 40.24543 ], [ 118.65797, 40.24541 ], [ 118.65808, 40.24542 ], [ 118.6581, 40.24537 ], [ 118.65812, 40.24532 ], [ 118.65819, 40.24528 ], [ 118.65828, 40.24522 ], [ 118.65832, 40.24515 ], [ 118.65843, 40.24502 ], [ 118.65855, 40.2449 ], [ 118.65867, 40.24481 ], [ 118.65873, 40.24471 ], [ 118.65886, 40.24446 ], [ 118.65887, 40.24441 ], [ 118.65882, 40.24436 ], [ 118.6588, 40.24432 ], [ 118.65882, 40.24425 ], [ 118.65884, 40.24419 ], [ 118.6589, 40.24413 ], [ 118.65893, 40.24408 ], [ 118.65895, 40.24396 ], [ 118.659, 40.24384 ], [ 118.65899, 40.24374 ], [ 118.65896, 40.24367 ], [ 118.65896, 40.24361 ], [ 118.65895, 40.24354 ], [ 118.65893, 40.24347 ], [ 118.65893, 40.24327 ], [ 118.65904, 40.2432 ], [ 118.65913, 40.24316 ], [ 118.65924, 40.24309 ], [ 118.6594, 40.24296 ], [ 118.65951, 40.24286 ], [ 118.65958, 40.24276 ], [ 118.65967, 40.2426 ], [ 118.65965, 40.24251 ], [ 118.65966, 40.24246 ], [ 118.65972, 40.24233 ], [ 118.65975, 40.24223 ], [ 118.65981, 40.24221 ], [ 118.6599, 40.24218 ], [ 118.65996, 40.24216 ], [ 118.66019, 40.24204 ], [ 118.66021, 40.24199 ], [ 118.66026, 40.24187 ], [ 118.66037, 40.24178 ], [ 118.66041, 40.24172 ], [ 118.66044, 40.24169 ], [ 118.66066, 40.2416 ], [ 118.66079, 40.24156 ], [ 118.6608, 40.24151 ], [ 118.66072, 40.24138 ], [ 118.66068, 40.24128 ], [ 118.66064, 40.24113 ], [ 118.66064, 40.24106 ], [ 118.66065, 40.24096 ], [ 118.66068, 40.24084 ], [ 118.66071, 40.24074 ], [ 118.66078, 40.24065 ], [ 118.66078, 40.24058 ], [ 118.66078, 40.24052 ], [ 118.66078, 40.24043 ], [ 118.66087, 40.24031 ], [ 118.66097, 40.24019 ], [ 118.66114, 40.24003 ], [ 118.6612, 40.23995 ], [ 118.66123, 40.23992 ], [ 118.66126, 40.23986 ], [ 118.66129, 40.2398 ], [ 118.66134, 40.23971 ], [ 118.66138, 40.23967 ], [ 118.66143, 40.23961 ], [ 118.66147, 40.23956 ], [ 118.66151, 40.23947 ], [ 118.66159, 40.23933 ], [ 118.66163, 40.23931 ], [ 118.66167, 40.2393 ], [ 118.66176, 40.23932 ], [ 118.66186, 40.23934 ], [ 118.66199, 40.23933 ], [ 118.66209, 40.23929 ], [ 118.66271, 40.23913 ], [ 118.66283, 40.23911 ], [ 118.66294, 40.23913 ], [ 118.6632, 40.2391 ], [ 118.66354, 40.23905 ], [ 118.66382, 40.239 ], [ 118.66397, 40.23896 ], [ 118.66411, 40.23882 ], [ 118.66423, 40.23873 ], [ 118.66431, 40.2387 ], [ 118.66433, 40.23862 ], [ 118.66436, 40.23852 ], [ 118.66441, 40.23846 ], [ 118.66444, 40.23843 ], [ 118.66456, 40.23838 ], [ 118.66466, 40.23833 ], [ 118.66476, 40.23823 ], [ 118.66489, 40.2381 ], [ 118.66501, 40.23799 ], [ 118.6651, 40.23796 ], [ 118.66527, 40.23784 ], [ 118.66538, 40.23779 ], [ 118.66547, 40.23774 ], [ 118.66556, 40.23765 ], [ 118.66563, 40.2376 ], [ 118.66577, 40.23755 ], [ 118.66581, 40.23751 ], [ 118.66589, 40.23748 ], [ 118.66594, 40.23744 ], [ 118.66607, 40.23739 ], [ 118.66611, 40.23727 ], [ 118.66612, 40.23714 ], [ 118.66617, 40.23703 ], [ 118.66625, 40.23693 ], [ 118.66635, 40.23683 ], [ 118.66645, 40.2367 ], [ 118.66653, 40.23662 ], [ 118.66659, 40.23649 ], [ 118.66661, 40.23637 ], [ 118.66673, 40.23625 ], [ 118.66695, 40.23612 ], [ 118.6671, 40.23601 ], [ 118.6672, 40.23593 ], [ 118.66731, 40.23585 ], [ 118.66742, 40.23574 ], [ 118.66747, 40.23562 ], [ 118.66754, 40.2355 ], [ 118.66764, 40.2354 ], [ 118.6678, 40.23527 ], [ 118.66797, 40.23506 ], [ 118.66808, 40.23489 ], [ 118.66824, 40.23465 ], [ 118.66837, 40.23444 ], [ 118.66842, 40.23423 ], [ 118.66858, 40.23408 ], [ 118.66867, 40.23396 ], [ 118.66878, 40.23386 ], [ 118.66892, 40.23379 ], [ 118.66908, 40.23369 ], [ 118.66915, 40.23363 ], [ 118.66921, 40.23354 ], [ 118.66922, 40.23348 ], [ 118.66938, 40.23333 ], [ 118.6695, 40.23323 ], [ 118.66961, 40.23311 ], [ 118.66969, 40.233 ], [ 118.66974, 40.23293 ], [ 118.66987, 40.23285 ], [ 118.66992, 40.23279 ], [ 118.66999, 40.23277 ], [ 118.67005, 40.23274 ], [ 118.67012, 40.23273 ], [ 118.67021, 40.23277 ], [ 118.67028, 40.23281 ], [ 118.6704, 40.23283 ], [ 118.67053, 40.23283 ], [ 118.67062, 40.23283 ], [ 118.67065, 40.23285 ], [ 118.67069, 40.23291 ], [ 118.67073, 40.23293 ], [ 118.67079, 40.23291 ], [ 118.67084, 40.23289 ], [ 118.67091, 40.23291 ], [ 118.67102, 40.23291 ], [ 118.6711, 40.23289 ], [ 118.67122, 40.23289 ], [ 118.67136, 40.23293 ], [ 118.67148, 40.23296 ], [ 118.67161, 40.23301 ], [ 118.6717, 40.23304 ], [ 118.67179, 40.23303 ], [ 118.67186, 40.23302 ], [ 118.67197, 40.23293 ], [ 118.67208, 40.23285 ], [ 118.67222, 40.23277 ], [ 118.67232, 40.23276 ], [ 118.67237, 40.23276 ], [ 118.67251, 40.23275 ], [ 118.67258, 40.23273 ], [ 118.67264, 40.23276 ], [ 118.67281, 40.23277 ], [ 118.67286, 40.23278 ], [ 118.6729, 40.23282 ], [ 118.67308, 40.23276 ], [ 118.67318, 40.23272 ], [ 118.67325, 40.23272 ], [ 118.6733, 40.23274 ], [ 118.67338, 40.23274 ], [ 118.67353, 40.23271 ], [ 118.67361, 40.23268 ], [ 118.67373, 40.23263 ], [ 118.67382, 40.23262 ], [ 118.67395, 40.23258 ], [ 118.67408, 40.23256 ], [ 118.6742, 40.23253 ], [ 118.67435, 40.23256 ], [ 118.67447, 40.23255 ], [ 118.67463, 40.2325 ], [ 118.67485, 40.23231 ], [ 118.67499, 40.23218 ], [ 118.67507, 40.23215 ], [ 118.67512, 40.23214 ], [ 118.67521, 40.23208 ], [ 118.67532, 40.23205 ], [ 118.6754, 40.23199 ], [ 118.67549, 40.23193 ], [ 118.67555, 40.23191 ], [ 118.67563, 40.23192 ], [ 118.67573, 40.23197 ], [ 118.67582, 40.23197 ], [ 118.67601, 40.23195 ], [ 118.67624, 40.23192 ], [ 118.67638, 40.2318 ], [ 118.67654, 40.23169 ], [ 118.67668, 40.23162 ], [ 118.67681, 40.23155 ], [ 118.67692, 40.23151 ], [ 118.67703, 40.23149 ], [ 118.67717, 40.23147 ], [ 118.67719, 40.23135 ], [ 118.67718, 40.23123 ], [ 118.67713, 40.23112 ], [ 118.67716, 40.23096 ], [ 118.67721, 40.23087 ], [ 118.67722, 40.23067 ], [ 118.67722, 40.2306 ], [ 118.67722, 40.23045 ], [ 118.67725, 40.23036 ], [ 118.67724, 40.23023 ], [ 118.67725, 40.23016 ], [ 118.67729, 40.23011 ], [ 118.6774, 40.23001 ], [ 118.67751, 40.22996 ], [ 118.67755, 40.22989 ], [ 118.6776, 40.22983 ], [ 118.67762, 40.22979 ], [ 118.67762, 40.22971 ], [ 118.67764, 40.22965 ], [ 118.67765, 40.22959 ], [ 118.67769, 40.22951 ], [ 118.6777, 40.22944 ], [ 118.67774, 40.22937 ], [ 118.67776, 40.2293 ], [ 118.67776, 40.22922 ], [ 118.6778, 40.22908 ], [ 118.67789, 40.22884 ], [ 118.67795, 40.22869 ], [ 118.67801, 40.22859 ], [ 118.67808, 40.22852 ], [ 118.67815, 40.22849 ], [ 118.67821, 40.22848 ], [ 118.67827, 40.22846 ], [ 118.67832, 40.2284 ], [ 118.67836, 40.22832 ], [ 118.67846, 40.22821 ], [ 118.67856, 40.22809 ], [ 118.67861, 40.22808 ], [ 118.67866, 40.22806 ], [ 118.67874, 40.22799 ], [ 118.6788, 40.22794 ], [ 118.67888, 40.2279 ], [ 118.679, 40.22781 ], [ 118.67908, 40.22778 ], [ 118.67917, 40.22775 ], [ 118.6792, 40.22773 ], [ 118.6792, 40.2277 ], [ 118.6792, 40.22768 ], [ 118.67924, 40.22764 ], [ 118.67934, 40.22758 ], [ 118.67943, 40.22755 ], [ 118.67954, 40.22748 ], [ 118.67959, 40.22745 ], [ 118.67977, 40.22739 ], [ 118.67993, 40.22733 ], [ 118.68, 40.22732 ], [ 118.68014, 40.2273 ], [ 118.68027, 40.22729 ], [ 118.68041, 40.22729 ], [ 118.68055, 40.2273 ], [ 118.68064, 40.22727 ], [ 118.68073, 40.22723 ], [ 118.68083, 40.22717 ], [ 118.6809, 40.22711 ], [ 118.68093, 40.22707 ], [ 118.68096, 40.227 ], [ 118.68102, 40.22693 ], [ 118.68116, 40.22675 ], [ 118.68134, 40.22656 ], [ 118.68151, 40.22639 ], [ 118.68163, 40.22625 ], [ 118.68166, 40.2262 ], [ 118.68167, 40.2261 ], [ 118.68171, 40.22605 ], [ 118.68178, 40.22587 ], [ 118.68179, 40.22581 ], [ 118.68178, 40.22573 ], [ 118.68175, 40.22566 ], [ 118.68172, 40.22545 ], [ 118.68173, 40.22537 ], [ 118.68177, 40.22529 ], [ 118.68185, 40.22515 ], [ 118.68194, 40.22502 ], [ 118.68206, 40.22489 ], [ 118.68219, 40.22481 ], [ 118.68224, 40.2248 ], [ 118.6823, 40.22481 ], [ 118.68244, 40.22485 ], [ 118.68257, 40.22489 ], [ 118.68267, 40.22489 ], [ 118.68274, 40.22488 ], [ 118.68284, 40.22485 ], [ 118.68295, 40.22484 ], [ 118.68322, 40.22475 ], [ 118.68334, 40.22469 ], [ 118.68346, 40.22463 ], [ 118.68359, 40.22456 ], [ 118.68366, 40.22451 ], [ 118.68388, 40.22434 ], [ 118.68395, 40.22426 ], [ 118.684, 40.2242 ], [ 118.68399, 40.22413 ], [ 118.68397, 40.22404 ], [ 118.68398, 40.22395 ], [ 118.68396, 40.22382 ], [ 118.68395, 40.22362 ], [ 118.68394, 40.22353 ], [ 118.68393, 40.22348 ], [ 118.68389, 40.22336 ], [ 118.68388, 40.2233 ], [ 118.68391, 40.22321 ], [ 118.68394, 40.22316 ], [ 118.68405, 40.22313 ], [ 118.68414, 40.22312 ], [ 118.6843, 40.2231 ], [ 118.68442, 40.22309 ], [ 118.68453, 40.22309 ], [ 118.68472, 40.22308 ], [ 118.68481, 40.22306 ], [ 118.68489, 40.22304 ], [ 118.68497, 40.22304 ], [ 118.68508, 40.22304 ], [ 118.68522, 40.22306 ], [ 118.68535, 40.22312 ], [ 118.68522, 40.22306 ], [ 118.68508, 40.22304 ], [ 118.68497, 40.22304 ], [ 118.68489, 40.22304 ], [ 118.68481, 40.22306 ], [ 118.68472, 40.22308 ], [ 118.68453, 40.22309 ], [ 118.68442, 40.22309 ], [ 118.6843, 40.2231 ], [ 118.68414, 40.22312 ], [ 118.68405, 40.22313 ], [ 118.68394, 40.22316 ], [ 118.68391, 40.22321 ], [ 118.68388, 40.2233 ], [ 118.68389, 40.22336 ], [ 118.68393, 40.22348 ], [ 118.68394, 40.22353 ], [ 118.68395, 40.22362 ], [ 118.68396, 40.22382 ], [ 118.68398, 40.22395 ], [ 118.68397, 40.22404 ], [ 118.68399, 40.22413 ], [ 118.684, 40.2242 ], [ 118.68395, 40.22426 ], [ 118.68388, 40.22434 ], [ 118.68366, 40.22451 ], [ 118.68359, 40.22456 ], [ 118.68346, 40.22463 ], [ 118.68334, 40.22469 ], [ 118.68322, 40.22475 ], [ 118.68295, 40.22484 ], [ 118.68284, 40.22485 ], [ 118.68274, 40.22488 ], [ 118.68267, 40.22489 ], [ 118.68257, 40.22489 ], [ 118.68244, 40.22485 ], [ 118.6823, 40.22481 ], [ 118.68224, 40.2248 ], [ 118.68219, 40.22481 ], [ 118.68206, 40.22489 ], [ 118.68194, 40.22502 ], [ 118.68185, 40.22515 ], [ 118.68177, 40.22529 ], [ 118.68173, 40.22537 ], [ 118.68172, 40.22545 ], [ 118.68175, 40.22566 ], [ 118.68178, 40.22573 ], [ 118.68179, 40.22581 ], [ 118.68178, 40.22587 ], [ 118.68171, 40.22605 ], [ 118.68167, 40.2261 ], [ 118.68166, 40.2262 ], [ 118.68163, 40.22625 ], [ 118.68151, 40.22639 ], [ 118.68134, 40.22656 ], [ 118.68116, 40.22675 ], [ 118.68102, 40.22693 ], [ 118.68096, 40.227 ], [ 118.68093, 40.22707 ], [ 118.6809, 40.22711 ], [ 118.68083, 40.22717 ], [ 118.68073, 40.22723 ], [ 118.68064, 40.22727 ], [ 118.68055, 40.2273 ], [ 118.68041, 40.22729 ], [ 118.68027, 40.22729 ], [ 118.68014, 40.2273 ], [ 118.68, 40.22732 ], [ 118.67993, 40.22733 ], [ 118.67977, 40.22739 ], [ 118.67959, 40.22745 ], [ 118.67954, 40.22748 ], [ 118.67943, 40.22755 ], [ 118.67934, 40.22758 ], [ 118.67924, 40.22764 ], [ 118.6792, 40.22768 ], [ 118.6792, 40.2277 ], [ 118.6792, 40.22773 ], [ 118.67917, 40.22775 ], [ 118.67908, 40.22778 ], [ 118.679, 40.22781 ], [ 118.67888, 40.2279 ], [ 118.6788, 40.22794 ], [ 118.67874, 40.22799 ], [ 118.67866, 40.22806 ], [ 118.67861, 40.22808 ], [ 118.67856, 40.22809 ], [ 118.67846, 40.22821 ], [ 118.67836, 40.22832 ], [ 118.67832, 40.2284 ], [ 118.67827, 40.22846 ], [ 118.67821, 40.22848 ], [ 118.67815, 40.22849 ], [ 118.67808, 40.22852 ], [ 118.67801, 40.22859 ], [ 118.67795, 40.22869 ], [ 118.67789, 40.22884 ], [ 118.6778, 40.22908 ], [ 118.67776, 40.22922 ], [ 118.67776, 40.2293 ], [ 118.67774, 40.22937 ], [ 118.6777, 40.22944 ], [ 118.67769, 40.22951 ], [ 118.67765, 40.22959 ], [ 118.67764, 40.22965 ], [ 118.67762, 40.22971 ], [ 118.67762, 40.22979 ], [ 118.6776, 40.22983 ], [ 118.67755, 40.22989 ], [ 118.67751, 40.22996 ], [ 118.6774, 40.23001 ], [ 118.67729, 40.23011 ], [ 118.67725, 40.23016 ], [ 118.67724, 40.23023 ], [ 118.67725, 40.23036 ], [ 118.67722, 40.23045 ], [ 118.67722, 40.2306 ], [ 118.67722, 40.23067 ], [ 118.67721, 40.23087 ], [ 118.67716, 40.23096 ], [ 118.67713, 40.23112 ], [ 118.67718, 40.23123 ], [ 118.67719, 40.23135 ], [ 118.67717, 40.23147 ], [ 118.67703, 40.23149 ], [ 118.67692, 40.23151 ], [ 118.67681, 40.23155 ], [ 118.67668, 40.23162 ], [ 118.67654, 40.23169 ], [ 118.67638, 40.2318 ], [ 118.67624, 40.23192 ], [ 118.67601, 40.23195 ], [ 118.67582, 40.23197 ], [ 118.67573, 40.23197 ], [ 118.67563, 40.23192 ], [ 118.67555, 40.23191 ], [ 118.67549, 40.23193 ], [ 118.6754, 40.23199 ], [ 118.67532, 40.23205 ], [ 118.67521, 40.23208 ], [ 118.67512, 40.23214 ], [ 118.67507, 40.23215 ], [ 118.67499, 40.23218 ], [ 118.67485, 40.23231 ], [ 118.67463, 40.2325 ], [ 118.67447, 40.23255 ], [ 118.67435, 40.23256 ], [ 118.6742, 40.23253 ], [ 118.67408, 40.23256 ], [ 118.67395, 40.23258 ], [ 118.67382, 40.23262 ], [ 118.67373, 40.23263 ], [ 118.67361, 40.23268 ], [ 118.67353, 40.23271 ], [ 118.67338, 40.23274 ], [ 118.6733, 40.23274 ], [ 118.67325, 40.23272 ], [ 118.67318, 40.23272 ], [ 118.67308, 40.23276 ], [ 118.6729, 40.23282 ], [ 118.67286, 40.23278 ], [ 118.67281, 40.23277 ], [ 118.67264, 40.23276 ], [ 118.67258, 40.23273 ], [ 118.67251, 40.23275 ], [ 118.67237, 40.23276 ], [ 118.67232, 40.23276 ], [ 118.67222, 40.23277 ], [ 118.67208, 40.23285 ], [ 118.67197, 40.23293 ], [ 118.67186, 40.23302 ], [ 118.67179, 40.23303 ], [ 118.6717, 40.23304 ], [ 118.67161, 40.23301 ], [ 118.67148, 40.23296 ], [ 118.67136, 40.23293 ], [ 118.67122, 40.23289 ], [ 118.6711, 40.23289 ], [ 118.67102, 40.23291 ], [ 118.67091, 40.23291 ], [ 118.67084, 40.23289 ], [ 118.67079, 40.23291 ], [ 118.67073, 40.23293 ], [ 118.67069, 40.23291 ], [ 118.67065, 40.23285 ], [ 118.67062, 40.23283 ], [ 118.67053, 40.23283 ], [ 118.6704, 40.23283 ], [ 118.67028, 40.23281 ], [ 118.67021, 40.23277 ], [ 118.67012, 40.23273 ], [ 118.67005, 40.23274 ], [ 118.66999, 40.23277 ], [ 118.66992, 40.23279 ], [ 118.66987, 40.23285 ], [ 118.66974, 40.23293 ], [ 118.66969, 40.233 ], [ 118.66961, 40.23311 ], [ 118.6695, 40.23323 ], [ 118.66938, 40.23333 ], [ 118.66922, 40.23348 ], [ 118.66921, 40.23354 ], [ 118.66915, 40.23363 ], [ 118.66908, 40.23369 ], [ 118.66892, 40.23379 ], [ 118.66878, 40.23386 ], [ 118.66867, 40.23396 ], [ 118.66858, 40.23408 ], [ 118.66842, 40.23423 ], [ 118.66837, 40.23444 ], [ 118.66824, 40.23465 ], [ 118.66808, 40.23489 ], [ 118.66797, 40.23506 ], [ 118.6678, 40.23527 ], [ 118.66764, 40.2354 ], [ 118.66754, 40.2355 ], [ 118.66747, 40.23562 ], [ 118.66742, 40.23574 ], [ 118.66731, 40.23585 ], [ 118.6672, 40.23593 ], [ 118.6671, 40.23601 ], [ 118.66695, 40.23612 ], [ 118.66673, 40.23625 ], [ 118.66661, 40.23637 ], [ 118.66659, 40.23649 ], [ 118.66653, 40.23662 ], [ 118.66645, 40.2367 ], [ 118.66635, 40.23683 ], [ 118.66625, 40.23693 ], [ 118.66617, 40.23703 ], [ 118.66612, 40.23714 ], [ 118.66612, 40.23716 ], [ 118.72617, 40.21252 ], [ 118.78101, 40.20693 ], [ 118.78101, 40.20693 ], [ 118.78103, 40.20688 ], [ 118.78104, 40.20676 ], [ 118.78103, 40.20671 ], [ 118.78092, 40.20647 ], [ 118.78091, 40.20643 ], [ 118.78092, 40.20636 ], [ 118.78095, 40.20632 ], [ 118.7811, 40.20619 ], [ 118.7813, 40.20603 ], [ 118.7814, 40.20592 ], [ 118.78144, 40.20584 ], [ 118.78151, 40.20561 ], [ 118.78156, 40.20538 ], [ 118.78159, 40.20532 ], [ 118.78165, 40.20525 ], [ 118.78173, 40.20516 ], [ 118.78179, 40.20512 ], [ 118.78183, 40.20509 ], [ 118.78188, 40.20502 ], [ 118.78192, 40.20496 ], [ 118.78198, 40.20492 ], [ 118.78202, 40.20491 ], [ 118.78206, 40.2049 ], [ 118.78206, 40.20482 ], [ 118.78207, 40.20464 ], [ 118.78204, 40.20441 ], [ 118.782, 40.20423 ], [ 118.78196, 40.20409 ], [ 118.78192, 40.20398 ], [ 118.78188, 40.20393 ], [ 118.78185, 40.20388 ], [ 118.78179, 40.20385 ], [ 118.78157, 40.20375 ], [ 118.78124, 40.20362 ], [ 118.78087, 40.20348 ], [ 118.78064, 40.20341 ], [ 118.78046, 40.20339 ], [ 118.78007, 40.20335 ], [ 118.7799, 40.20334 ], [ 118.77982, 40.20335 ], [ 118.7796, 40.20338 ], [ 118.7793, 40.20343 ], [ 118.77899, 40.20349 ], [ 118.77878, 40.20349 ], [ 118.77867, 40.20348 ], [ 118.77858, 40.20346 ], [ 118.77853, 40.20344 ], [ 118.7785, 40.20341 ], [ 118.77846, 40.20337 ], [ 118.77844, 40.20332 ], [ 118.7784, 40.20327 ], [ 118.77834, 40.20319 ], [ 118.77826, 40.20304 ], [ 118.778, 40.20252 ], [ 118.77797, 40.20247 ], [ 118.77788, 40.20236 ], [ 118.7778, 40.20228 ], [ 118.77758, 40.20208 ], [ 118.77722, 40.20178 ], [ 118.77719, 40.20171 ], [ 118.77702, 40.20144 ], [ 118.77686, 40.20121 ], [ 118.77674, 40.20107 ], [ 118.77668, 40.20104 ], [ 118.77633, 40.20087 ], [ 118.77626, 40.20083 ], [ 118.77602, 40.20066 ], [ 118.77595, 40.20062 ], [ 118.77587, 40.2006 ], [ 118.77579, 40.2006 ], [ 118.7757, 40.20062 ], [ 118.7755, 40.20066 ], [ 118.77536, 40.20067 ], [ 118.77525, 40.20066 ], [ 118.77466, 40.20061 ], [ 118.77424, 40.20058 ], [ 118.77408, 40.20057 ], [ 118.77399, 40.20055 ], [ 118.77399, 40.20049 ], [ 118.774, 40.20043 ], [ 118.77399, 40.20035 ], [ 118.77394, 40.20013 ], [ 118.77388, 40.19988 ], [ 118.77387, 40.1998 ], [ 118.77384, 40.19975 ], [ 118.77372, 40.19956 ], [ 118.77364, 40.19945 ], [ 118.77356, 40.1993 ], [ 118.77344, 40.19911 ], [ 118.77334, 40.19898 ], [ 118.77321, 40.19885 ], [ 118.77322, 40.19871 ], [ 118.77326, 40.19852 ], [ 118.77329, 40.19835 ], [ 118.7733, 40.19826 ], [ 118.77329, 40.19818 ], [ 118.77326, 40.19807 ], [ 118.7732, 40.1979 ], [ 118.77316, 40.19777 ], [ 118.77309, 40.19763 ], [ 118.77307, 40.19756 ], [ 118.77305, 40.19746 ], [ 118.77301, 40.19713 ], [ 118.773, 40.19702 ], [ 118.77295, 40.19688 ], [ 118.77289, 40.19678 ], [ 118.77277, 40.19663 ], [ 118.77268, 40.19654 ], [ 118.77261, 40.19644 ], [ 118.7725, 40.19625 ], [ 118.77237, 40.19616 ], [ 118.77229, 40.19613 ], [ 118.77224, 40.19606 ], [ 118.7722, 40.19598 ], [ 118.77212, 40.19591 ], [ 118.77209, 40.19584 ], [ 118.77208, 40.1958 ], [ 118.772, 40.19574 ], [ 118.77189, 40.19569 ], [ 118.77185, 40.19567 ], [ 118.77197, 40.19556 ], [ 118.77183, 40.19549 ], [ 118.77172, 40.1954 ], [ 118.77167, 40.19536 ], [ 118.77174, 40.19531 ], [ 118.77173, 40.19524 ], [ 118.7717, 40.19508 ], [ 118.77168, 40.19501 ], [ 118.77169, 40.19497 ], [ 118.77173, 40.19487 ], [ 118.7718, 40.1947 ], [ 118.77187, 40.19459 ], [ 118.77188, 40.19453 ], [ 118.7719, 40.19444 ], [ 118.77195, 40.19428 ], [ 118.77199, 40.19418 ], [ 118.77197, 40.19399 ], [ 118.77203, 40.19389 ], [ 118.77194, 40.19381 ], [ 118.7718, 40.19373 ], [ 118.7717, 40.19365 ], [ 118.77165, 40.19357 ], [ 118.7716, 40.19344 ], [ 118.77158, 40.19336 ], [ 118.77155, 40.19325 ], [ 118.77147, 40.19319 ], [ 118.77138, 40.19312 ], [ 118.77132, 40.1931 ], [ 118.77123, 40.19305 ], [ 118.77123, 40.19301 ], [ 118.77114, 40.19296 ], [ 118.771, 40.1929 ], [ 118.77085, 40.19287 ], [ 118.77074, 40.19281 ], [ 118.77065, 40.19276 ], [ 118.77054, 40.19274 ], [ 118.7704, 40.19274 ], [ 118.77018, 40.19279 ], [ 118.77003, 40.19281 ], [ 118.76975, 40.19288 ], [ 118.76962, 40.19291 ], [ 118.76933, 40.19292 ], [ 118.76916, 40.19292 ], [ 118.76907, 40.19293 ], [ 118.76901, 40.19295 ], [ 118.76887, 40.193 ], [ 118.76878, 40.19294 ], [ 118.76871, 40.1929 ], [ 118.76859, 40.19289 ], [ 118.76846, 40.1929 ], [ 118.76835, 40.19292 ], [ 118.76821, 40.19287 ], [ 118.76797, 40.19281 ], [ 118.76783, 40.19276 ], [ 118.76773, 40.19273 ], [ 118.76765, 40.19271 ], [ 118.76749, 40.19268 ], [ 118.76727, 40.19261 ], [ 118.76705, 40.19257 ], [ 118.76686, 40.19253 ], [ 118.76667, 40.19248 ], [ 118.76647, 40.19244 ], [ 118.76616, 40.19241 ], [ 118.76584, 40.19238 ], [ 118.76559, 40.19234 ], [ 118.76542, 40.19231 ], [ 118.76519, 40.19229 ], [ 118.76508, 40.19223 ], [ 118.76502, 40.19221 ], [ 118.76491, 40.19222 ], [ 118.76475, 40.19222 ], [ 118.76462, 40.19222 ], [ 118.76453, 40.19221 ], [ 118.76443, 40.19214 ], [ 118.76434, 40.19209 ], [ 118.76427, 40.19207 ], [ 118.7638, 40.19197 ], [ 118.76356, 40.19191 ], [ 118.7634, 40.19188 ], [ 118.76327, 40.19187 ], [ 118.76309, 40.19186 ], [ 118.76291, 40.1919 ], [ 118.76283, 40.19192 ], [ 118.76249, 40.19199 ], [ 118.76222, 40.19205 ], [ 118.762, 40.19209 ], [ 118.76154, 40.19219 ], [ 118.76124, 40.19225 ], [ 118.76099, 40.19228 ], [ 118.76091, 40.1923 ], [ 118.7605, 40.19235 ], [ 118.76018, 40.19238 ], [ 118.76008, 40.19238 ], [ 118.76, 40.19243 ], [ 118.75991, 40.19249 ], [ 118.75977, 40.19256 ], [ 118.75963, 40.19262 ], [ 118.75954, 40.19265 ], [ 118.75949, 40.19266 ], [ 118.75937, 40.19268 ], [ 118.75906, 40.19268 ], [ 118.75876, 40.19264 ], [ 118.75863, 40.1926 ], [ 118.75856, 40.1926 ], [ 118.75848, 40.1926 ], [ 118.7584, 40.19262 ], [ 118.75827, 40.19266 ], [ 118.75819, 40.19267 ], [ 118.75803, 40.19268 ], [ 118.75742, 40.19264 ], [ 118.75688, 40.19261 ], [ 118.75681, 40.19261 ], [ 118.75665, 40.19264 ], [ 118.75645, 40.19269 ], [ 118.75623, 40.19275 ], [ 118.75579, 40.19284 ], [ 118.75561, 40.19287 ], [ 118.75548, 40.19289 ], [ 118.75544, 40.19289 ], [ 118.75536, 40.19288 ], [ 118.75533, 40.19283 ], [ 118.7553, 40.19276 ], [ 118.75527, 40.19271 ], [ 118.75521, 40.19257 ], [ 118.75518, 40.1925 ], [ 118.75513, 40.19245 ], [ 118.75505, 40.19239 ], [ 118.75497, 40.19234 ], [ 118.75486, 40.1923 ], [ 118.75468, 40.19224 ], [ 118.75451, 40.1922 ], [ 118.75395, 40.19202 ], [ 118.75357, 40.1919 ], [ 118.75351, 40.19187 ], [ 118.75341, 40.1918 ], [ 118.75321, 40.19173 ], [ 118.75268, 40.19159 ], [ 118.7525, 40.19152 ], [ 118.75234, 40.19146 ], [ 118.75222, 40.19143 ], [ 118.75216, 40.19143 ], [ 118.75209, 40.19144 ], [ 118.7519, 40.19149 ], [ 118.75178, 40.19153 ], [ 118.75175, 40.19156 ], [ 118.7517, 40.19152 ], [ 118.75136, 40.19134 ], [ 118.75094, 40.19113 ], [ 118.75067, 40.191 ], [ 118.7506, 40.19095 ], [ 118.75053, 40.19091 ], [ 118.75046, 40.19089 ], [ 118.75041, 40.1909 ], [ 118.75037, 40.19091 ], [ 118.75029, 40.19089 ], [ 118.75022, 40.19085 ], [ 118.75019, 40.19081 ], [ 118.75019, 40.1907 ], [ 118.75019, 40.19066 ], [ 118.74995, 40.19032 ], [ 118.7499, 40.19024 ], [ 118.74974, 40.18994 ], [ 118.74969, 40.18986 ], [ 118.74965, 40.18981 ], [ 118.7496, 40.18973 ], [ 118.74953, 40.18961 ], [ 118.74947, 40.18957 ], [ 118.7494, 40.18949 ], [ 118.74928, 40.1894 ], [ 118.74918, 40.18934 ], [ 118.74909, 40.1893 ], [ 118.74902, 40.18928 ], [ 118.74895, 40.18927 ], [ 118.74887, 40.18926 ], [ 118.74862, 40.18926 ], [ 118.74853, 40.18927 ], [ 118.74846, 40.18929 ], [ 118.74836, 40.18933 ], [ 118.74829, 40.18934 ], [ 118.74821, 40.18935 ], [ 118.74811, 40.18933 ], [ 118.74801, 40.18931 ], [ 118.74798, 40.18929 ], [ 118.74787, 40.18926 ], [ 118.74763, 40.1892 ], [ 118.74734, 40.18915 ], [ 118.74686, 40.18908 ], [ 118.74674, 40.18908 ], [ 118.74655, 40.18906 ], [ 118.74642, 40.18905 ], [ 118.74635, 40.18903 ], [ 118.74624, 40.189 ], [ 118.74613, 40.18897 ], [ 118.74607, 40.18897 ], [ 118.746, 40.18899 ], [ 118.74572, 40.18909 ], [ 118.74549, 40.18917 ], [ 118.7453, 40.18922 ], [ 118.74511, 40.18927 ], [ 118.74497, 40.18929 ], [ 118.74486, 40.18931 ], [ 118.74473, 40.18931 ], [ 118.74464, 40.1893 ], [ 118.74457, 40.18928 ], [ 118.74437, 40.18924 ], [ 118.74429, 40.18921 ], [ 118.74418, 40.18919 ], [ 118.74413, 40.18919 ], [ 118.74408, 40.18919 ], [ 118.74397, 40.18922 ], [ 118.74378, 40.18922 ], [ 118.74374, 40.18923 ], [ 118.74366, 40.18925 ], [ 118.74337, 40.18926 ], [ 118.74334, 40.18927 ], [ 118.74331, 40.18929 ], [ 118.74329, 40.18931 ], [ 118.74317, 40.18944 ], [ 118.74313, 40.18948 ], [ 118.74309, 40.18951 ], [ 118.7429, 40.18964 ], [ 118.74285, 40.18969 ], [ 118.74276, 40.18979 ], [ 118.74273, 40.1898 ], [ 118.7424, 40.18995 ], [ 118.74217, 40.19003 ], [ 118.74208, 40.19006 ], [ 118.742, 40.19006 ], [ 118.74195, 40.19006 ], [ 118.74187, 40.19004 ], [ 118.74183, 40.19003 ], [ 118.74179, 40.19003 ], [ 118.7417, 40.19003 ], [ 118.7416, 40.19005 ], [ 118.74146, 40.19009 ], [ 118.74137, 40.19011 ], [ 118.74127, 40.19012 ], [ 118.74118, 40.19012 ], [ 118.74109, 40.19012 ], [ 118.74101, 40.19012 ], [ 118.74089, 40.19014 ], [ 118.74075, 40.19015 ], [ 118.74064, 40.19015 ], [ 118.74058, 40.19015 ], [ 118.74052, 40.19014 ], [ 118.74036, 40.19015 ], [ 118.74018, 40.19016 ], [ 118.74005, 40.19016 ], [ 118.73982, 40.19017 ], [ 118.73974, 40.19019 ], [ 118.7396, 40.19019 ], [ 118.73949, 40.19021 ], [ 118.73936, 40.19026 ], [ 118.73907, 40.19036 ], [ 118.73895, 40.19035 ], [ 118.73886, 40.19034 ], [ 118.73875, 40.19034 ], [ 118.73861, 40.19034 ], [ 118.73853, 40.1903 ], [ 118.73844, 40.19026 ], [ 118.73839, 40.19023 ], [ 118.73833, 40.19019 ], [ 118.73825, 40.19015 ], [ 118.73806, 40.19015 ], [ 118.73801, 40.19016 ], [ 118.73797, 40.19017 ], [ 118.73793, 40.19014 ], [ 118.73786, 40.19013 ], [ 118.73778, 40.1901 ], [ 118.73773, 40.19007 ], [ 118.73769, 40.19003 ], [ 118.73762, 40.19 ], [ 118.73758, 40.18998 ], [ 118.73756, 40.18993 ], [ 118.73752, 40.1899 ], [ 118.73744, 40.18989 ], [ 118.7374, 40.18988 ], [ 118.73734, 40.18989 ], [ 118.73727, 40.18991 ], [ 118.73715, 40.18996 ], [ 118.73699, 40.19 ], [ 118.73683, 40.19002 ], [ 118.73669, 40.19003 ], [ 118.73651, 40.19003 ], [ 118.73629, 40.19001 ], [ 118.73622, 40.18998 ], [ 118.73615, 40.18996 ], [ 118.73605, 40.18993 ], [ 118.73588, 40.18989 ], [ 118.73581, 40.18989 ], [ 118.73564, 40.1899 ], [ 118.73543, 40.18991 ], [ 118.73538, 40.1899 ], [ 118.73531, 40.18988 ], [ 118.73522, 40.18988 ], [ 118.73511, 40.1899 ], [ 118.73501, 40.18994 ], [ 118.73493, 40.18995 ], [ 118.73489, 40.18996 ], [ 118.73487, 40.18997 ], [ 118.73486, 40.18999 ], [ 118.73481, 40.19017 ], [ 118.73475, 40.19029 ], [ 118.73466, 40.19038 ], [ 118.73459, 40.19044 ], [ 118.73446, 40.19055 ], [ 118.73439, 40.19059 ], [ 118.73434, 40.19062 ], [ 118.73429, 40.19065 ], [ 118.73424, 40.19067 ], [ 118.73414, 40.19068 ], [ 118.73409, 40.1907 ], [ 118.73404, 40.19074 ], [ 118.73402, 40.19076 ], [ 118.73391, 40.19098 ], [ 118.73387, 40.19102 ], [ 118.7338, 40.19108 ], [ 118.73375, 40.19112 ], [ 118.7337, 40.19116 ], [ 118.73367, 40.1912 ], [ 118.73366, 40.19127 ], [ 118.73365, 40.19139 ], [ 118.73367, 40.19152 ], [ 118.73369, 40.19162 ], [ 118.73367, 40.19166 ], [ 118.73365, 40.19169 ], [ 118.73359, 40.19173 ], [ 118.73355, 40.1918 ], [ 118.73353, 40.19186 ], [ 118.73352, 40.19195 ], [ 118.73348, 40.192 ], [ 118.7334, 40.19208 ], [ 118.73334, 40.19213 ], [ 118.73319, 40.19223 ], [ 118.73315, 40.19225 ], [ 118.73308, 40.19228 ], [ 118.73299, 40.19233 ], [ 118.73291, 40.19235 ], [ 118.73282, 40.19236 ], [ 118.73276, 40.19237 ], [ 118.73231, 40.19238 ], [ 118.73202, 40.19239 ], [ 118.7318, 40.1924 ], [ 118.73158, 40.19244 ], [ 118.73139, 40.19248 ], [ 118.73122, 40.19251 ], [ 118.73115, 40.19253 ], [ 118.73112, 40.19256 ], [ 118.73095, 40.19291 ], [ 118.73085, 40.19309 ], [ 118.73077, 40.19324 ], [ 118.7307, 40.19333 ], [ 118.7306, 40.19345 ], [ 118.73039, 40.19369 ], [ 118.73027, 40.19384 ], [ 118.7302, 40.19391 ], [ 118.73015, 40.194 ], [ 118.73013, 40.19409 ], [ 118.73012, 40.19418 ], [ 118.73014, 40.19433 ], [ 118.73016, 40.19451 ], [ 118.73019, 40.19455 ], [ 118.73025, 40.19459 ], [ 118.73028, 40.19463 ], [ 118.73029, 40.19467 ], [ 118.73029, 40.19471 ], [ 118.73025, 40.19475 ], [ 118.73005, 40.19495 ], [ 118.72988, 40.19511 ], [ 118.72978, 40.19519 ], [ 118.72968, 40.19525 ], [ 118.7295, 40.19538 ], [ 118.72945, 40.19542 ], [ 118.72942, 40.19547 ], [ 118.72932, 40.19556 ], [ 118.72919, 40.19568 ], [ 118.72914, 40.19573 ], [ 118.7291, 40.19577 ], [ 118.72904, 40.19581 ], [ 118.72898, 40.19583 ], [ 118.72891, 40.19584 ], [ 118.72884, 40.19582 ], [ 118.72878, 40.19581 ], [ 118.7287, 40.19582 ], [ 118.72862, 40.19583 ], [ 118.72848, 40.19589 ], [ 118.72838, 40.19595 ], [ 118.72824, 40.19605 ], [ 118.72815, 40.19612 ], [ 118.72809, 40.19619 ], [ 118.72804, 40.19623 ], [ 118.7279, 40.19629 ], [ 118.72781, 40.19631 ], [ 118.72768, 40.19635 ], [ 118.72742, 40.19639 ], [ 118.72727, 40.19642 ], [ 118.72713, 40.1965 ], [ 118.72706, 40.19655 ], [ 118.72699, 40.19665 ], [ 118.72696, 40.19668 ], [ 118.72686, 40.19669 ], [ 118.72662, 40.19672 ], [ 118.72654, 40.19674 ], [ 118.72626, 40.19676 ], [ 118.72615, 40.19689 ], [ 118.72608, 40.19695 ], [ 118.72595, 40.19706 ], [ 118.7259, 40.19711 ], [ 118.72587, 40.19716 ], [ 118.72586, 40.19721 ], [ 118.72584, 40.19738 ], [ 118.72582, 40.19743 ], [ 118.72575, 40.19755 ], [ 118.7257, 40.19765 ], [ 118.72575, 40.19755 ], [ 118.72582, 40.19743 ], [ 118.72584, 40.19738 ], [ 118.72586, 40.19721 ], [ 118.72587, 40.19716 ], [ 118.7259, 40.19711 ], [ 118.72595, 40.19706 ], [ 118.72608, 40.19695 ], [ 118.72615, 40.19689 ], [ 118.72626, 40.19676 ], [ 118.72654, 40.19674 ], [ 118.72662, 40.19672 ], [ 118.72686, 40.19669 ], [ 118.72696, 40.19668 ], [ 118.72699, 40.19665 ], [ 118.72706, 40.19655 ], [ 118.72713, 40.1965 ], [ 118.72727, 40.19642 ], [ 118.72742, 40.19639 ], [ 118.72768, 40.19635 ], [ 118.72781, 40.19631 ], [ 118.7279, 40.19629 ], [ 118.72804, 40.19623 ], [ 118.72809, 40.19619 ], [ 118.72815, 40.19612 ], [ 118.72824, 40.19605 ], [ 118.72838, 40.19595 ], [ 118.72848, 40.19589 ], [ 118.72862, 40.19583 ], [ 118.7287, 40.19582 ], [ 118.72878, 40.19581 ], [ 118.72884, 40.19582 ], [ 118.72891, 40.19584 ], [ 118.72898, 40.19583 ], [ 118.72904, 40.19581 ], [ 118.7291, 40.19577 ], [ 118.72914, 40.19573 ], [ 118.72919, 40.19568 ], [ 118.72932, 40.19556 ], [ 118.72942, 40.19547 ], [ 118.72945, 40.19542 ], [ 118.7295, 40.19538 ], [ 118.72968, 40.19525 ], [ 118.72978, 40.19519 ], [ 118.72988, 40.19511 ], [ 118.73005, 40.19495 ], [ 118.73025, 40.19475 ], [ 118.73029, 40.19471 ], [ 118.73029, 40.19467 ], [ 118.73028, 40.19463 ], [ 118.73025, 40.19459 ], [ 118.73019, 40.19455 ], [ 118.73016, 40.19451 ], [ 118.73014, 40.19433 ], [ 118.73012, 40.19418 ], [ 118.73013, 40.19409 ], [ 118.73015, 40.194 ], [ 118.7302, 40.19391 ], [ 118.73027, 40.19384 ], [ 118.73039, 40.19369 ], [ 118.7306, 40.19345 ], [ 118.7307, 40.19333 ], [ 118.73077, 40.19324 ], [ 118.73085, 40.19309 ], [ 118.73095, 40.19291 ], [ 118.73112, 40.19256 ], [ 118.73115, 40.19253 ], [ 118.73122, 40.19251 ], [ 118.73139, 40.19248 ], [ 118.73158, 40.19244 ], [ 118.7318, 40.1924 ], [ 118.73202, 40.19239 ], [ 118.73231, 40.19238 ], [ 118.73276, 40.19237 ], [ 118.73282, 40.19236 ], [ 118.73291, 40.19235 ], [ 118.73299, 40.19233 ], [ 118.73308, 40.19228 ], [ 118.73315, 40.19225 ], [ 118.73319, 40.19223 ], [ 118.73334, 40.19213 ], [ 118.7334, 40.19208 ], [ 118.73348, 40.192 ], [ 118.73352, 40.19195 ], [ 118.73353, 40.19186 ], [ 118.73355, 40.1918 ], [ 118.73359, 40.19173 ], [ 118.73365, 40.19169 ], [ 118.73367, 40.19166 ], [ 118.73369, 40.19162 ], [ 118.73367, 40.19152 ], [ 118.73365, 40.19139 ], [ 118.73366, 40.19127 ], [ 118.73367, 40.1912 ], [ 118.7337, 40.19116 ], [ 118.73375, 40.19112 ], [ 118.7338, 40.19108 ], [ 118.73387, 40.19102 ], [ 118.73391, 40.19098 ], [ 118.73402, 40.19076 ], [ 118.73404, 40.19074 ], [ 118.73409, 40.1907 ], [ 118.73414, 40.19068 ], [ 118.73424, 40.19067 ], [ 118.73429, 40.19065 ], [ 118.73434, 40.19062 ], [ 118.73439, 40.19059 ], [ 118.73446, 40.19055 ], [ 118.73459, 40.19044 ], [ 118.73466, 40.19038 ], [ 118.73475, 40.19029 ], [ 118.73481, 40.19017 ], [ 118.73486, 40.18999 ], [ 118.73487, 40.18997 ], [ 118.73489, 40.18996 ], [ 118.73493, 40.18995 ], [ 118.73501, 40.18994 ], [ 118.73511, 40.1899 ], [ 118.73522, 40.18988 ], [ 118.73531, 40.18988 ], [ 118.73538, 40.1899 ], [ 118.73543, 40.18991 ], [ 118.73564, 40.1899 ], [ 118.73581, 40.18989 ], [ 118.73588, 40.18989 ], [ 118.73605, 40.18993 ], [ 118.73615, 40.18996 ], [ 118.73622, 40.18998 ], [ 118.73629, 40.19001 ], [ 118.73651, 40.19003 ], [ 118.73669, 40.19003 ], [ 118.73683, 40.19002 ], [ 118.73699, 40.19 ], [ 118.73715, 40.18996 ], [ 118.73727, 40.18991 ], [ 118.73734, 40.18989 ], [ 118.7374, 40.18988 ], [ 118.73744, 40.18989 ], [ 118.73752, 40.1899 ], [ 118.73756, 40.18993 ], [ 118.73758, 40.18998 ], [ 118.73762, 40.19 ], [ 118.73769, 40.19003 ], [ 118.73773, 40.19007 ], [ 118.73778, 40.1901 ], [ 118.73786, 40.19013 ], [ 118.73793, 40.19014 ], [ 118.73797, 40.19017 ], [ 118.73801, 40.19016 ], [ 118.73806, 40.19015 ], [ 118.73825, 40.19015 ], [ 118.73833, 40.19019 ], [ 118.73839, 40.19023 ], [ 118.73844, 40.19026 ], [ 118.73853, 40.1903 ], [ 118.73861, 40.19034 ], [ 118.73875, 40.19034 ], [ 118.73886, 40.19034 ], [ 118.73895, 40.19035 ], [ 118.73907, 40.19036 ], [ 118.73936, 40.19026 ], [ 118.73949, 40.19021 ], [ 118.7396, 40.19019 ], [ 118.73974, 40.19019 ], [ 118.73982, 40.19017 ], [ 118.74005, 40.19016 ], [ 118.74018, 40.19016 ], [ 118.74036, 40.19015 ], [ 118.74052, 40.19014 ], [ 118.74058, 40.19015 ], [ 118.74064, 40.19015 ], [ 118.74075, 40.19015 ], [ 118.74089, 40.19014 ], [ 118.74101, 40.19012 ], [ 118.74109, 40.19012 ], [ 118.74118, 40.19012 ], [ 118.74127, 40.19012 ], [ 118.74137, 40.19011 ], [ 118.74146, 40.19009 ], [ 118.7416, 40.19005 ], [ 118.7417, 40.19003 ], [ 118.74179, 40.19003 ], [ 118.74183, 40.19003 ], [ 118.74187, 40.19004 ], [ 118.74195, 40.19006 ], [ 118.742, 40.19006 ], [ 118.74208, 40.19006 ], [ 118.74217, 40.19003 ], [ 118.7424, 40.18995 ], [ 118.74273, 40.1898 ], [ 118.74276, 40.18979 ], [ 118.74285, 40.18969 ], [ 118.7429, 40.18964 ], [ 118.74309, 40.18951 ], [ 118.74313, 40.18948 ], [ 118.74317, 40.18944 ], [ 118.74329, 40.18931 ], [ 118.74331, 40.18929 ], [ 118.74334, 40.18927 ], [ 118.74337, 40.18926 ], [ 118.74366, 40.18925 ], [ 118.74374, 40.18923 ], [ 118.74378, 40.18922 ], [ 118.74397, 40.18922 ], [ 118.74408, 40.18919 ], [ 118.74413, 40.18919 ], [ 118.74418, 40.18919 ], [ 118.74429, 40.18921 ], [ 118.74437, 40.18924 ], [ 118.74457, 40.18928 ], [ 118.74464, 40.1893 ], [ 118.74473, 40.18931 ], [ 118.74486, 40.18931 ], [ 118.74497, 40.18929 ], [ 118.74511, 40.18927 ], [ 118.7453, 40.18922 ], [ 118.74549, 40.18917 ], [ 118.74572, 40.18909 ], [ 118.746, 40.18899 ], [ 118.74607, 40.18897 ], [ 118.74613, 40.18897 ], [ 118.74624, 40.189 ], [ 118.74635, 40.18903 ], [ 118.74642, 40.18905 ], [ 118.74655, 40.18906 ], [ 118.74674, 40.18908 ], [ 118.74686, 40.18908 ], [ 118.74734, 40.18915 ], [ 118.74763, 40.1892 ], [ 118.74787, 40.18926 ], [ 118.74798, 40.18929 ], [ 118.74801, 40.18931 ], [ 118.74811, 40.18933 ], [ 118.74821, 40.18935 ], [ 118.74829, 40.18934 ], [ 118.74836, 40.18933 ], [ 118.74846, 40.18929 ], [ 118.74853, 40.18927 ], [ 118.74862, 40.18926 ], [ 118.74887, 40.18926 ], [ 118.74895, 40.18927 ], [ 118.74902, 40.18928 ], [ 118.74909, 40.1893 ], [ 118.74918, 40.18934 ], [ 118.74928, 40.1894 ], [ 118.7494, 40.18949 ], [ 118.74947, 40.18957 ], [ 118.74953, 40.18961 ], [ 118.7496, 40.18973 ], [ 118.74965, 40.18981 ], [ 118.74969, 40.18986 ], [ 118.74974, 40.18994 ], [ 118.7499, 40.19024 ], [ 118.74995, 40.19032 ], [ 118.75019, 40.19066 ], [ 118.75019, 40.1907 ], [ 118.75019, 40.19081 ], [ 118.75022, 40.19085 ], [ 118.75029, 40.19089 ], [ 118.75037, 40.19091 ], [ 118.75041, 40.1909 ], [ 118.75046, 40.19089 ], [ 118.75053, 40.19091 ], [ 118.7506, 40.19095 ], [ 118.75067, 40.191 ], [ 118.75094, 40.19113 ], [ 118.75136, 40.19134 ], [ 118.7517, 40.19152 ], [ 118.75175, 40.19156 ], [ 118.75178, 40.19153 ], [ 118.7519, 40.19149 ], [ 118.75209, 40.19144 ], [ 118.75216, 40.19143 ], [ 118.75222, 40.19143 ], [ 118.75234, 40.19146 ], [ 118.7525, 40.19152 ], [ 118.75268, 40.19159 ], [ 118.75321, 40.19173 ], [ 118.75341, 40.1918 ], [ 118.75351, 40.19187 ], [ 118.75357, 40.1919 ], [ 118.75395, 40.19202 ], [ 118.75451, 40.1922 ], [ 118.75468, 40.19224 ], [ 118.75486, 40.1923 ], [ 118.75497, 40.19234 ], [ 118.75505, 40.19239 ], [ 118.75513, 40.19245 ], [ 118.75518, 40.1925 ], [ 118.75521, 40.19257 ], [ 118.75527, 40.19271 ], [ 118.7553, 40.19276 ], [ 118.75533, 40.19283 ], [ 118.75536, 40.19288 ], [ 118.75544, 40.19289 ], [ 118.75548, 40.19289 ], [ 118.75561, 40.19287 ], [ 118.75579, 40.19284 ], [ 118.75623, 40.19275 ], [ 118.75645, 40.19269 ], [ 118.75665, 40.19264 ], [ 118.75681, 40.19261 ], [ 118.75688, 40.19261 ], [ 118.75742, 40.19264 ], [ 118.75803, 40.19268 ], [ 118.75819, 40.19267 ], [ 118.75827, 40.19266 ], [ 118.7584, 40.19262 ], [ 118.75848, 40.1926 ], [ 118.75856, 40.1926 ], [ 118.75863, 40.1926 ], [ 118.75876, 40.19264 ], [ 118.75906, 40.19268 ], [ 118.75937, 40.19268 ], [ 118.75949, 40.19266 ], [ 118.75954, 40.19265 ], [ 118.75963, 40.19262 ], [ 118.75977, 40.19256 ], [ 118.75991, 40.19249 ], [ 118.76, 40.19243 ], [ 118.76008, 40.19238 ], [ 118.76018, 40.19238 ], [ 118.7605, 40.19235 ], [ 118.76091, 40.1923 ], [ 118.76099, 40.19228 ], [ 118.76124, 40.19225 ], [ 118.76154, 40.19219 ], [ 118.762, 40.19209 ], [ 118.76222, 40.19205 ], [ 118.76249, 40.19199 ], [ 118.76283, 40.19192 ], [ 118.76291, 40.1919 ], [ 118.76309, 40.19186 ], [ 118.76327, 40.19187 ], [ 118.7634, 40.19188 ], [ 118.76356, 40.19191 ], [ 118.7638, 40.19197 ], [ 118.76427, 40.19207 ], [ 118.76434, 40.19209 ], [ 118.76443, 40.19214 ], [ 118.76453, 40.19221 ], [ 118.76462, 40.19222 ], [ 118.76475, 40.19222 ], [ 118.76491, 40.19222 ], [ 118.76502, 40.19221 ], [ 118.76508, 40.19223 ], [ 118.76519, 40.19229 ], [ 118.76542, 40.19231 ], [ 118.76559, 40.19234 ], [ 118.76584, 40.19238 ], [ 118.76616, 40.19241 ], [ 118.76647, 40.19244 ], [ 118.76667, 40.19248 ], [ 118.76686, 40.19253 ], [ 118.76705, 40.19257 ], [ 118.76727, 40.19261 ], [ 118.76749, 40.19268 ], [ 118.76765, 40.19271 ], [ 118.76773, 40.19273 ], [ 118.76783, 40.19276 ], [ 118.76797, 40.19281 ], [ 118.76821, 40.19287 ], [ 118.76835, 40.19292 ], [ 118.76846, 40.1929 ], [ 118.76859, 40.19289 ], [ 118.76871, 40.1929 ], [ 118.76878, 40.19294 ], [ 118.76887, 40.193 ], [ 118.76901, 40.19295 ], [ 118.76907, 40.19293 ], [ 118.76916, 40.19292 ], [ 118.76933, 40.19292 ], [ 118.76962, 40.19291 ], [ 118.76975, 40.19288 ], [ 118.77003, 40.19281 ], [ 118.77018, 40.19279 ], [ 118.7704, 40.19274 ], [ 118.77054, 40.19274 ], [ 118.77065, 40.19276 ], [ 118.77074, 40.19281 ], [ 118.77085, 40.19287 ], [ 118.771, 40.1929 ], [ 118.77114, 40.19296 ], [ 118.77123, 40.19301 ], [ 118.77123, 40.19305 ], [ 118.77132, 40.1931 ], [ 118.77138, 40.19312 ], [ 118.77147, 40.19319 ], [ 118.77155, 40.19325 ], [ 118.77158, 40.19336 ], [ 118.7716, 40.19344 ], [ 118.77165, 40.19357 ], [ 118.7717, 40.19365 ], [ 118.7718, 40.19373 ], [ 118.77194, 40.19381 ], [ 118.77203, 40.19389 ], [ 118.77197, 40.19399 ], [ 118.77199, 40.19418 ], [ 118.77195, 40.19428 ], [ 118.7719, 40.19444 ], [ 118.77188, 40.19453 ], [ 118.77187, 40.19459 ], [ 118.7718, 40.1947 ], [ 118.77173, 40.19487 ], [ 118.77169, 40.19497 ], [ 118.77168, 40.19501 ], [ 118.7717, 40.19508 ], [ 118.77173, 40.19524 ], [ 118.77174, 40.19531 ], [ 118.77167, 40.19536 ], [ 118.77172, 40.1954 ], [ 118.77183, 40.19549 ], [ 118.77197, 40.19556 ], [ 118.77185, 40.19567 ], [ 118.77189, 40.19569 ], [ 118.772, 40.19574 ], [ 118.77208, 40.1958 ], [ 118.77209, 40.19584 ], [ 118.77212, 40.19591 ], [ 118.7722, 40.19598 ], [ 118.77224, 40.19606 ], [ 118.77229, 40.19613 ], [ 118.77237, 40.19616 ], [ 118.7725, 40.19625 ], [ 118.77261, 40.19644 ], [ 118.77268, 40.19654 ], [ 118.77277, 40.19663 ], [ 118.77289, 40.19678 ], [ 118.77295, 40.19688 ], [ 118.773, 40.19702 ], [ 118.77301, 40.19713 ], [ 118.77305, 40.19746 ], [ 118.77307, 40.19756 ], [ 118.77309, 40.19763 ], [ 118.77316, 40.19777 ], [ 118.7732, 40.1979 ], [ 118.77326, 40.19807 ], [ 118.77329, 40.19818 ], [ 118.7733, 40.19826 ], [ 118.77329, 40.19835 ], [ 118.77326, 40.19852 ], [ 118.77322, 40.19871 ], [ 118.77321, 40.19885 ], [ 118.77334, 40.19898 ], [ 118.77344, 40.19911 ], [ 118.77356, 40.1993 ], [ 118.77364, 40.19945 ], [ 118.77372, 40.19956 ], [ 118.77384, 40.19975 ], [ 118.77387, 40.1998 ], [ 118.77388, 40.19988 ], [ 118.77394, 40.20013 ], [ 118.77399, 40.20035 ], [ 118.774, 40.20043 ], [ 118.77399, 40.20049 ], [ 118.77399, 40.20055 ], [ 118.77408, 40.20057 ], [ 118.77424, 40.20058 ], [ 118.77466, 40.20061 ], [ 118.77525, 40.20066 ], [ 118.77536, 40.20067 ], [ 118.7755, 40.20066 ], [ 118.7757, 40.20062 ], [ 118.77579, 40.2006 ], [ 118.77587, 40.2006 ], [ 118.77595, 40.20062 ], [ 118.77602, 40.20066 ], [ 118.77626, 40.20083 ], [ 118.77633, 40.20087 ], [ 118.77668, 40.20104 ], [ 118.77674, 40.20107 ], [ 118.77686, 40.20121 ], [ 118.77702, 40.20144 ], [ 118.77719, 40.20171 ], [ 118.77722, 40.20178 ], [ 118.77758, 40.20208 ], [ 118.7778, 40.20228 ], [ 118.77788, 40.20236 ], [ 118.77797, 40.20247 ], [ 118.778, 40.20252 ], [ 118.77826, 40.20304 ], [ 118.77834, 40.20319 ], [ 118.7784, 40.20327 ], [ 118.77844, 40.20332 ], [ 118.77846, 40.20337 ], [ 118.7785, 40.20341 ], [ 118.77853, 40.20344 ], [ 118.77858, 40.20346 ], [ 118.77867, 40.20348 ], [ 118.77878, 40.20349 ], [ 118.77899, 40.20349 ], [ 118.7793, 40.20343 ], [ 118.7796, 40.20338 ], [ 118.77982, 40.20335 ], [ 118.7799, 40.20334 ], [ 118.78007, 40.20335 ], [ 118.78046, 40.20339 ], [ 118.78064, 40.20341 ], [ 118.78087, 40.20348 ], [ 118.78124, 40.20362 ], [ 118.78157, 40.20375 ], [ 118.78179, 40.20385 ], [ 118.78185, 40.20388 ], [ 118.78188, 40.20393 ], [ 118.78192, 40.20398 ], [ 118.78196, 40.20409 ], [ 118.782, 40.20423 ], [ 118.78204, 40.20441 ], [ 118.78207, 40.20464 ], [ 118.78206, 40.20482 ], [ 118.78206, 40.2049 ], [ 118.78202, 40.20491 ], [ 118.78198, 40.20492 ], [ 118.78192, 40.20496 ], [ 118.78188, 40.20502 ], [ 118.78218, 40.20509 ], [ 118.78239, 40.20512 ], [ 118.7826, 40.20516 ], [ 118.78271, 40.20517 ], [ 118.78284, 40.20518 ], [ 118.78294, 40.20518 ], [ 118.78303, 40.20518 ], [ 118.7832, 40.20515 ], [ 118.78334, 40.20512 ], [ 118.78352, 40.20508 ], [ 118.78361, 40.20505 ], [ 118.78373, 40.205 ], [ 118.78381, 40.20495 ], [ 118.78392, 40.20489 ], [ 118.78399, 40.20485 ], [ 118.78405, 40.20483 ], [ 118.7841, 40.2048 ], [ 118.78419, 40.20476 ], [ 118.78429, 40.20472 ], [ 118.78437, 40.20468 ], [ 118.78461, 40.20456 ], [ 118.78471, 40.20453 ], [ 118.78478, 40.20449 ], [ 118.78485, 40.20445 ], [ 118.78491, 40.20445 ], [ 118.78501, 40.20443 ], [ 118.78507, 40.2044 ], [ 118.78521, 40.20431 ], [ 118.78528, 40.20428 ], [ 118.78537, 40.20425 ], [ 118.78544, 40.20422 ], [ 118.78558, 40.20418 ], [ 118.78569, 40.20416 ], [ 118.78577, 40.20415 ], [ 118.78585, 40.20415 ], [ 118.78601, 40.20415 ], [ 118.78608, 40.20412 ], [ 118.78618, 40.20408 ], [ 118.78623, 40.20406 ], [ 118.78638, 40.20397 ], [ 118.78645, 40.20393 ], [ 118.78649, 40.20386 ], [ 118.78653, 40.20382 ], [ 118.78657, 40.20377 ], [ 118.78661, 40.20374 ], [ 118.78665, 40.20366 ], [ 118.78669, 40.20364 ], [ 118.78676, 40.20358 ], [ 118.78682, 40.20355 ], [ 118.78686, 40.20349 ], [ 118.78707, 40.20337 ], [ 118.78715, 40.20332 ], [ 118.78719, 40.20327 ], [ 118.78727, 40.20321 ], [ 118.78734, 40.20318 ], [ 118.78746, 40.20314 ], [ 118.82166, 40.17776 ], [ 118.87073, 40.17185 ], [ 118.936, 40.14143 ], [ 119.01823, 40.1357 ], [ 119.06328, 40.09904 ], [ 119.06468, 40.09941 ], [ 119.06542, 40.0987 ], [ 119.06666, 40.09774 ], [ 119.06732, 40.09763 ], [ 119.0674, 40.09734 ], [ 119.06804, 40.0971 ], [ 119.06788, 40.09649 ], [ 119.06856, 40.09621 ], [ 119.06862, 40.09566 ], [ 119.06948, 40.09542 ], [ 119.06977, 40.0952 ], [ 119.0703, 40.0953 ], [ 119.0706, 40.09544 ], [ 119.07224, 40.09526 ], [ 119.07299, 40.09447 ], [ 119.0738, 40.09438 ], [ 119.07478, 40.09399 ], [ 119.07744, 40.09463 ], [ 119.0781, 40.09402 ], [ 119.07857, 40.09394 ], [ 119.08026, 40.09402 ], [ 119.08126, 40.09342 ], [ 119.08185, 40.09337 ], [ 119.0829, 40.09311 ], [ 119.08337, 40.09283 ], [ 119.08404, 40.09285 ], [ 119.08526, 40.09347 ], [ 119.08571, 40.09336 ], [ 119.08614, 40.09299 ], [ 119.08715, 40.09275 ], [ 119.08756, 40.09274 ], [ 119.08789, 40.09241 ], [ 119.08905, 40.09211 ], [ 119.08998, 40.09175 ], [ 119.09037, 40.09139 ], [ 119.09153, 40.0904 ], [ 119.09219, 40.09085 ], [ 119.09277, 40.09214 ], [ 119.09338, 40.09301 ], [ 119.09369, 40.0932 ], [ 119.09454, 40.09402 ], [ 119.09507, 40.09411 ], [ 119.09547, 40.0945 ], [ 119.09544, 40.09489 ], [ 119.09575, 40.09519 ], [ 119.096, 40.09573 ], [ 119.09821, 40.09639 ], [ 119.09836, 40.09672 ], [ 119.09989, 40.09832 ], [ 119.10047, 40.09903 ], [ 119.10089, 40.0992 ], [ 119.10127, 40.09921 ], [ 119.10176, 40.09959 ], [ 119.10183, 40.10006 ], [ 119.10212, 40.1002 ], [ 119.10236, 40.10024 ], [ 119.10281, 40.10006 ], [ 119.10411, 40.1001 ], [ 119.10483, 40.10079 ], [ 119.10522, 40.10091 ], [ 119.13856, 40.11588 ], [ 119.20095, 40.14854 ], [ 119.2389, 40.15469 ], [ 119.28699, 40.15839 ], [ 119.33083, 40.13306 ], [ 119.35924, 40.11638 ], [ 119.41329, 40.105 ], [ 119.44949, 40.11423 ], [ 119.4802, 40.13185 ], [ 119.52048, 40.1639 ], [ 119.54113, 40.18068 ], [ 119.5475, 40.22214 ], [ 119.5475, 40.22185 ], [ 119.54742, 40.22168 ], [ 119.5475, 40.22139 ], [ 119.54793, 40.22043 ], [ 119.5482, 40.22024 ], [ 119.54762, 40.21985 ], [ 119.54749, 40.21982 ], [ 119.54731, 40.21968 ], [ 119.54719, 40.21962 ], [ 119.54707, 40.21953 ], [ 119.54716, 40.21922 ], [ 119.54719, 40.21911 ], [ 119.54727, 40.21896 ], [ 119.54737, 40.21894 ], [ 119.54757, 40.21866 ], [ 119.54757, 40.21846 ], [ 119.54773, 40.21829 ], [ 119.54789, 40.21802 ], [ 119.54802, 40.21764 ], [ 119.54834, 40.21748 ], [ 119.54825, 40.21727 ], [ 119.54826, 40.21711 ], [ 119.54821, 40.21689 ], [ 119.54807, 40.21669 ], [ 119.54808, 40.21653 ], [ 119.54791, 40.21618 ], [ 119.54789, 40.2159 ], [ 119.5481, 40.21548 ], [ 119.5486, 40.21482 ], [ 119.54877, 40.21458 ], [ 119.54883, 40.21414 ], [ 119.549, 40.2138 ], [ 119.54917, 40.21372 ], [ 119.54936, 40.21347 ], [ 119.54984, 40.21296 ], [ 119.55005, 40.21284 ], [ 119.5504, 40.21286 ], [ 119.55067, 40.21276 ], [ 119.55081, 40.21284 ], [ 119.55085, 40.21298 ], [ 119.55088, 40.21299 ], [ 119.55097, 40.21292 ], [ 119.55104, 40.21266 ], [ 119.5514, 40.21201 ], [ 119.55143, 40.21197 ], [ 119.55167, 40.21155 ], [ 119.55186, 40.21095 ], [ 119.55219, 40.21047 ], [ 119.55209, 40.21005 ], [ 119.55199, 40.20993 ], [ 119.552, 40.20981 ], [ 119.5519, 40.20971 ], [ 119.55201, 40.20944 ], [ 119.55217, 40.20876 ], [ 119.55198, 40.20838 ], [ 119.55203, 40.20806 ], [ 119.55222, 40.20781 ], [ 119.55268, 40.20754 ], [ 119.55301, 40.20743 ], [ 119.55309, 40.20726 ], [ 119.55334, 40.20701 ], [ 119.55333, 40.20687 ], [ 119.55363, 40.20665 ], [ 119.55367, 40.20631 ], [ 119.55381, 40.20615 ], [ 119.55404, 40.20608 ], [ 119.55439, 40.20599 ], [ 119.5546, 40.20584 ], [ 119.55499, 40.2051 ], [ 119.57205, 40.22751 ], [ 119.5721, 40.2275 ], [ 119.57235, 40.22727 ], [ 119.57295, 40.22692 ], [ 119.57311, 40.22674 ], [ 119.57348, 40.22658 ], [ 119.57386, 40.22617 ], [ 119.57439, 40.22617 ], [ 119.5746, 40.22608 ], [ 119.57488, 40.226 ], [ 119.57563, 40.22615 ], [ 119.57649, 40.22615 ], [ 119.57732, 40.22607 ], [ 119.57776, 40.22618 ], [ 119.5783, 40.22613 ], [ 119.57869, 40.22616 ], [ 119.57935, 40.22605 ], [ 119.57996, 40.22609 ], [ 119.58025, 40.22598 ], [ 119.5805, 40.22609 ], [ 119.5822, 40.22744 ], [ 119.58233, 40.2275 ], [ 119.58279, 40.22687 ], [ 119.58292, 40.22639 ], [ 119.58356, 40.22628 ], [ 119.58392, 40.22611 ], [ 119.58418, 40.2258 ], [ 119.58493, 40.2256 ], [ 119.58568, 40.22562 ], [ 119.58586, 40.22569 ], [ 119.58651, 40.22564 ], [ 119.5868, 40.22558 ], [ 119.58683, 40.22548 ], [ 119.58704, 40.2255 ], [ 119.58761, 40.22546 ], [ 119.58774, 40.22521 ], [ 119.5888, 40.22443 ], [ 119.58894, 40.22439 ], [ 119.58911, 40.2244 ], [ 119.58973, 40.22462 ], [ 119.5899, 40.22478 ], [ 119.59048, 40.22509 ], [ 119.59075, 40.2251 ], [ 119.59097, 40.22504 ], [ 119.59131, 40.22502 ], [ 119.59164, 40.22514 ], [ 119.59181, 40.22528 ], [ 119.59209, 40.22583 ], [ 119.59217, 40.22603 ], [ 119.59232, 40.22616 ], [ 119.59267, 40.22623 ], [ 119.59285, 40.22637 ], [ 119.59297, 40.22659 ], [ 119.59343, 40.22659 ], [ 119.59387, 40.22664 ], [ 119.59426, 40.22641 ], [ 119.59471, 40.22641 ], [ 119.59528, 40.22618 ], [ 119.59556, 40.22608 ], [ 119.59589, 40.22614 ], [ 119.59648, 40.22596 ], [ 119.59698, 40.2258 ], [ 119.59766, 40.22588 ], [ 119.67147, 40.22218 ], [ 119.73833, 40.2039 ], [ 119.75492, 40.13756 ], [ 119.73647, 40.11362 ], [ 119.72559, 40.04588 ], [ 119.72594, 40.04585 ], [ 119.72614, 40.04579 ], [ 119.72635, 40.0458 ], [ 119.7268, 40.04575 ], [ 119.72679, 40.04539 ], [ 119.72681, 40.04521 ], [ 119.72679, 40.04504 ], [ 119.72673, 40.04473 ], [ 119.72689, 40.04454 ], [ 119.72752, 40.04425 ], [ 119.72759, 40.04408 ], [ 119.72786, 40.0439 ], [ 119.72801, 40.04364 ], [ 119.72812, 40.04348 ], [ 119.72845, 40.04329 ], [ 119.72847, 40.04297 ], [ 119.72886, 40.04268 ], [ 119.7292, 40.04262 ], [ 119.72915, 40.04236 ], [ 119.72922, 40.04218 ], [ 119.72957, 40.04182 ], [ 119.72912, 40.04129 ], [ 119.72902, 40.041 ], [ 119.72907, 40.04091 ], [ 119.7292, 40.04057 ], [ 119.72938, 40.04043 ], [ 119.72934, 40.04024 ], [ 119.72945, 40.04014 ], [ 119.7296, 40.04016 ], [ 119.72968, 40.04012 ], [ 119.72974, 40.0399 ], [ 119.72987, 40.03974 ], [ 119.73, 40.0395 ], [ 119.7299, 40.03936 ], [ 119.72994, 40.03909 ], [ 119.73001, 40.03889 ], [ 119.73024, 40.03879 ], [ 119.73041, 40.03869 ], [ 119.73064, 40.03846 ], [ 119.73082, 40.03831 ], [ 119.73119, 40.03826 ], [ 119.73138, 40.0383 ], [ 119.73167, 40.03815 ], [ 119.73179, 40.03821 ], [ 119.78249, 39.99444 ], [ 119.78256, 39.9946 ], [ 119.78235, 39.99467 ], [ 119.78226, 39.99452 ], [ 119.78097, 39.99493 ], [ 119.7786, 39.99591 ], [ 119.7772, 39.99643 ], [ 119.77452, 39.997 ], [ 119.77382, 39.99719 ], [ 119.77297, 39.9975 ], [ 119.77214, 39.99792 ], [ 119.77092, 39.99875 ], [ 119.91125, 39.99875 ], [ 119.80347, 39.97847 ], [ 119.78069, 39.95208 ] ] ] } }
]
}
